linear_regression,lasso_selection,correlation_selection,lasso,splines
-4227.580347166443,-2756.0363855591395,-2974.484548070136,-2501.7096055214365,-2654.1043218041714
-3666.767201713207,-3121.978655693535,-3332.019201742959,-2520.5030645121324,-3099.5928315637143
-1975.4535104372815,-4184.4938871620025,-3219.9790328933623,-2862.3986126341956,-2714.6807182424745
-2428.776667373884,-2837.4455781325037,-2682.461718958909,-3523.7620895048663,-3192.523735434858
-3711.198240965245,-2594.281813159296,-3123.471847733771,-2866.949074946815,-2960.1177771266
-2917.5818084696534,-2944.9669166983886,-2479.0721010524344,-2622.458581807534,-3438.5333163981904
-3807.9735729833674,-3717.46327087281,-2079.158070564155,-3710.835390141141,-2210.039484772307
-1939.320657778485,-2132.8466255174367,-3315.7207749321315,-2219.383684777326,-2544.6082612362666
-2654.2069721034136,-3009.6205425564617,-2999.2339417199287,-3531.5660797671367,-2990.6616053670714
-3001.4958403188866,-3048.54545033558,-4452.051920793475,-3896.5967533884705,-3807.3223681398467
-2207.7567517610937,-3049.010700264987,-2694.7553147581843,-2065.363027362655,-3251.313392215633
-3279.5357855980183,-2465.8754827995663,-2366.5383263404156,-2872.782446279552,-2764.774037589259
-4097.027971154495,-3446.330817387924,-3311.0417549337203,-3076.852678351954,-4034.421824576279
-1894.1904614248583,-3229.807946243531,-2945.7513556019803,-2591.6693171727625,-3617.197454889535
-3206.738597878217,-2780.9111290798965,-3694.2988949465876,-2306.6260862215245,-2397.2368602973916
-3863.0558053526124,-3589.0392449782103,-4024.243452077833,-4345.668219430717,-3320.8620549466027
-3746.297918812558,-2407.0302817693755,-2059.0581943790553,-2272.657928758887,-2938.9618384863156
-2616.748677709094,-3474.797149712483,-2889.6246987441464,-3685.234483588685,-2261.7456487934605
-3393.099580929898,-2572.310241743795,-4214.54358854956,-3610.1314619667273,-2367.6974205303504
-2153.378659672792,-2956.2271779410603,-2835.989870105989,-3300.736469189463,-2988.2923814929327
-3857.528715438007,-2524.540088833942,-3690.2985531318836,-4193.441981731939,-1725.753887182782
-1992.708288705303,-3414.730887070824,-2995.0263724485194,-2317.55785038036,-2956.6249592603967
-2543.2489112835738,-3256.6639682199398,-2924.4416577605098,-3706.8307786711885,-3642.076172936963
-3287.4263977338164,-3425.2910680795885,-3223.4733814106844,-4038.6736608042465,-3174.775558631802
-3164.882374730686,-2702.2706143508663,-2705.973026434113,-3416.2281499496703,-2821.36650388196
-2757.576420435044,-3182.642650196259,-2648.198616009615,-2890.8246658949643,-3782.8737225948466
-3624.9478171563546,-3053.793887276328,-3361.9925270508684,-2387.4793036442,-2486.201216180723
-2608.109493013631,-3140.5607090935864,-3629.173911071653,-2843.3470343360973,-4497.02164802374
-3727.4824484911865,-2555.8013760730464,-2632.4823218264823,-2873.2411618067445,-2813.124808282938
-2518.3334257167253,-2799.4394812798855,-3080.8441225521515,-1990.1027421883807,-2196.8082023666257
-2416.4056787015643,-3058.0527960166664,-3715.4448773202475,-2183.5617631318487,-3062.2279915589365
-3035.266899729318,-2879.5653293704027,-2927.062491503674,-2763.3738689150787,-2131.270624128119
-3144.966028697286,-1905.184795430322,-3047.661227308096,-3416.3353095361144,-3490.821342221669
-2851.8944430164597,-3257.9507614255986,-3753.282759913843,-3825.26909204678,-2902.907059338172
-3556.122223832952,-3616.9085433841833,-3142.7396886241713,-3350.440460332418,-3322.0456876067433
-2949.931337879704,-3678.3752790648546,-2159.014311459334,-2712.2344624091184,-3482.4531916993715
-3287.544104832852,-2875.442092864523,-3532.819546495251,-4309.26370490498,-2938.4039900614403
-3415.5865229513506,-3405.3559385305734,-2515.534254941787,-2725.9126253504105,-3869.94058306286
-2464.1898169060205,-1979.780723999531,-3057.212884189383,-2766.6850409503277,-1921.2485516664776
-2825.292345190243,-3475.1355884726117,-2781.339224404204,-2008.3185981642027,-3427.259591015901
-2629.13798550804,-3290.144981124222,-3102.576711763127,-3165.6079061892115,-1967.949301315725
-2739.2373346747936,-2750.4447957467373,-3347.0327316489347,-3856.9909764624235,-2591.574488307954
-3299.9396800251925,-2717.588061439053,-3155.7747894903,-2853.2578865101605,-2970.7810039719934
-3184.9431749240293,-2433.551085007427,-2551.5608647566764,-2175.8058504381156,-2737.849967604327
-3040.883876900563,-3844.9054348762966,-2706.2572089209843,-2204.288778376518,-3986.2112274532456
-2422.9848491648795,-2643.4595633126464,-4645.717256144587,-3752.5165233453836,-2625.337482835831
-2969.424382568707,-2528.094398869935,-2625.9792405711673,-2261.617952203996,-2074.9016629046014
-2901.9321384740883,-3297.375038068758,-2561.3301452571573,-4308.5806117306065,-3557.266121189758
-3582.12849317629,-3760.442287872582,-2885.1173180127225,-2256.506101882209,-3566.734599910228
-3369.8428701314247,-2709.9756392840204,-3376.6728955877084,-3412.0024256356965,-3638.6227887563637
-3626.738836393581,-3903.6239606886684,-3443.8535998512843,-1915.3504339115723,-3656.159691337853
-2744.6509662630133,-3960.3710285418783,-3970.630247618258,-3284.22628646504,-2732.787367855623
-3256.3160255029056,-2896.7754885996987,-2970.631535146198,-3652.338050916683,-2831.0855502833056
-2507.086026688783,-3125.2967980205813,-3198.5445862588417,-2643.460751561307,-2164.0787499928397
-2125.990540129759,-2732.5108879255426,-2641.81679851497,-4002.1073554513832,-2471.839721984303
-3644.969316709729,-2700.5788714974874,-2833.7243616932483,-3115.408059298819,-2922.920805771914
-3309.400057656549,-2869.081762181301,-3368.9492802793293,-2570.2022151913097,-3124.9538255517823
-3795.3613343352704,-2576.175302029646,-3364.2640316801294,-3497.5502243070123,-2424.372015450759
-2268.670572355928,-3382.92242124507,-2772.582716048333,-2077.421309428873,-3699.2040731994725
-2941.400978529502,-2063.129451898485,-2333.913966548892,-3110.3059436006533,-3621.4207002225535
-2078.3227137915756,-3564.4977141050313,-3251.4697397454597,-2227.378865327215,-3565.250452374787
-3459.091844909909,-3465.0939815825213,-3289.6672460101854,-3228.3820486280383,-3295.92709986864
-2268.081472979565,-3341.221792018872,-2522.543216908925,-2410.9070862608914,-3354.665087984256
-3454.7462497078395,-3493.6863209991757,-2799.0499097004927,-2986.6184001736506,-2479.03462721771
-3326.543306794188,-3307.679257462623,-3029.4661935469762,-3377.802084243178,-1667.0666957045783
-2799.233003524602,-2950.5756716255155,-2865.2534564786242,-3434.3325471766307,-2169.5737647860988
-2943.2280504159,-2436.9017472691025,-3912.2086297832316,-2632.4911061914654,-2255.312874058602
-3536.4367203391434,-2021.659907907508,-2850.9421629795797,-2866.725418570739,-3698.4542666781967
-2780.611432748467,-2675.908705804843,-3338.1004109224073,-3411.185712766493,-2957.4730892526272
-3353.5569799539635,-2933.6682695695677,-2772.318667570983,-3679.2931938360107,-4238.588286243586
-3488.130456045506,-2754.63113681293,-2592.197131068996,-3045.6102509013745,-2961.3841021902854
-2423.690115486321,-2873.0417348807223,-4267.617493569901,-2141.6375009205476,-2797.582396003948
-3562.6154718180014,-4664.363637106921,-3764.9150620615546,-3250.6131898027525,-2109.986831258669
-2563.0045977779696,-2613.4761806651168,-3000.045412856551,-3736.943378070484,-3421.649500238456
-2113.9947066585537,-2809.2111033721435,-3123.4888592154425,-2495.7401997274314,-3184.1009221168483
-3805.5168716020853,-2521.5529048067274,-2917.666832996232,-3641.5413694688805,-3197.795714876711
-2358.5211335204235,-3284.2733910201614,-2542.267862164513,-3017.631287446055,-3030.7649914861463
-2479.704245006231,-3189.257278614966,-2815.6113736182374,-2974.485063179798,-3312.2050062603025
-2946.683189445447,-2658.644043873288,-3693.9812116674048,-3239.9089755985956,-2711.1358793851496
-4435.490122713486,-2867.321817582004,-2184.5261977442055,-2443.240126658754,-3191.8357730290695
-4235.0940012961855,-4001.02632295307,-3730.7803128503742,-3364.035076063493,-2474.04534061522
-2074.403018532777,-2480.886294328597,-2297.3828423447553,-2263.9726735178683,-2226.254110662583
-3218.942126579588,-2530.6239542260255,-3445.978367457305,-2564.072564951421,-2044.4177949118266
-3576.6892873354827,-2262.3001369566,-2984.6772741093578,-3063.468748905737,-3438.1137875863324
-3020.578513164275,-3678.0784082875234,-2600.3329139373363,-4568.069339899822,-3800.132005019068
-3612.782157372902,-2577.653141453201,-2966.611588123875,-2605.8598725771753,-2812.547452629867
-3105.56715258138,-3727.1697846029183,-3429.936592439779,-3786.9251797472757,-3738.4382001841736
-1875.8419970066338,-2956.0739015915697,-2854.9374435048776,-2526.4631002885726,-4343.6195258611215
-2810.461665017327,-2440.2366204320647,-2965.655694794925,-3118.527121744192,-2468.616687174615
-2475.7442522084466,-3595.308623454602,-3289.4216916611203,-2424.5633643148253,-2764.6216129023446
-2209.6382287264646,-2321.9957613772585,-1926.1685493886623,-3086.659209709509,-2224.2458142036435
-2403.1531785645475,-2764.6092138569365,-2281.4984449685185,-2425.1058829386084,-2409.4502165976605
-2739.735118799978,-3157.093367115699,-3236.3950671687153,-2576.8770033007577,-3195.9478462263246
-3167.8982387730825,-3153.710931264499,-3619.4502049937214,-3546.769524016812,-2812.4540905817817
-3156.384546765704,-2546.6118921245848,-3239.074576845763,-3137.666008621119,-3972.154139105514
-3582.194577622837,-3713.6315857926184,-2701.228158134473,-3422.229063741456,-3297.8243166717384
-2860.993083866417,-2891.826167261673,-4197.604780791263,-3175.7910773140784,-2862.2176554932757
-3440.248074739042,-3030.831494330902,-3712.09529335846,-2773.5530890984405,-2788.62054029239
-2365.3319703244824,-3644.5012371138855,-2625.4270296288296,-2465.808712882656,-3364.70643666863
-4121.414721531409,-3023.3465527493186,-3304.9287107940454,-3307.898846769304,-3037.365601679792
-2478.9164152706976,-3107.494629198244,-3162.4944255245305,-4391.290487209393,-2462.8795135859305
-3865.8166577962274,-3194.830647052868,-2921.030224625259,-2771.110585302335,-2726.0038393895484
-2901.321619877192,-3714.7394094335973,-2744.7947287120387,-2417.7084627824966,-2284.5396434153804
-3179.923528905997,-2295.7015506929883,-2870.9270557297627,-4067.1098030422163,-3521.964867432752
-3328.5661530921225,-2562.4874897452396,-2287.918053317807,-2537.4974491771186,-3152.2123425507484
-2243.6702321865496,-3690.0150164897755,-3972.1654508286606,-2409.2745116964543,-4183.161601432477
-2666.144930501822,-3275.8254030909648,-2988.812849751655,-2228.0869486288407,-2186.270397944004
-4240.523590275352,-2143.0318365731764,-3758.963493798142,-3825.6558291318247,-3235.8515588620644
-2588.9215738524776,-2884.580435470236,-2991.1413774549287,-3177.9126651924857,-3433.7301483765987
-2814.8358077529524,-3754.9412020889126,-3148.339627184454,-2780.2180221968547,-3124.3504589599324
-2896.907605516269,-2272.915582535672,-2282.827140079804,-2733.2241920776937,-3374.827379209428
-3647.573810847206,-2930.917053249701,-2978.1774503197385,-3609.683674572451,-2946.4360384301167
-1973.6010932271745,-2734.1143060985446,-2558.7024981239233,-3321.712626947748,-3003.6756058561327
-3859.7727624322374,-4438.177196844388,-3406.1116558439385,-2019.0275475076123,-3375.269999887775
-2505.93995856526,-2749.596609728146,-4167.1693686309445,-3363.742224274986,-3025.5003773451535
-2169.9598412566206,-3239.1793320788497,-3044.6385304465966,-2509.3801269324144,-3020.154007885641
-3270.109832906802,-4442.1433611741,-3481.4034468485365,-3143.2012383016413,-3114.108152045027
-3309.1631940106013,-1779.7488669043587,-2731.254381335442,-2995.48254134098,-2687.7842141040906
-3190.0795396679346,-3203.690731588314,-3558.344731305429,-2503.926338899382,-2514.67395243979
-3406.3232701609145,-2069.216405329492,-2763.951797207344,-3749.0725098145194,-3514.3011726241543
-2814.456100672232,-2484.147132540914,-3254.6112520136244,-3206.514510450151,-2840.968239290811
-2605.915674493827,-2977.006823867224,-2402.5061623202832,-3275.9986962108796,-2414.820084548574
-3238.110024942231,-4608.50264778308,-3730.8488706594962,-3774.755090020406,-3359.7430746075775
-3333.1680325864454,-3718.2292055758717,-3088.181869084832,-3094.292059153628,-3696.5506972718517
-3432.5731087526074,-2597.525940894948,-3342.727009920171,-2393.743836270201,-3261.327078224286
-2655.330357814557,-1853.7327500854424,-2426.1057080324777,-3127.746896938473,-2580.5901970940968
-2732.6946738910347,-3213.307355744137,-2725.223483591017,-3150.2708541551156,-2437.4820824764784
-3814.270845497318,-2337.0498176284354,-2915.367509699222,-3307.773609575551,-2470.4071363456424
-2365.715447799626,-3103.570084330575,-2789.2965033187616,-2473.5793042798523,-2846.6019083492633
-3204.039764001747,-3338.331807676048,-4081.3399367547813,-2480.3571068084843,-3654.6950400525034
-2499.068976190006,-4186.414919049644,-2417.587848117098,-3729.7081562554235,-2891.4444564818673
-2511.413640032296,-2561.074382370709,-2829.4569583039606,-2824.2243126110516,-2614.969233877261
-2803.6972405400084,-3085.577775157173,-3766.8169227303574,-4236.909015330491,-3627.7860526312875
-3554.672262989521,-3423.682329352001,-3109.1452196295954,-3154.4489442169634,-2927.361160920174
-3646.288644528894,-2825.428131460702,-4046.1533506149863,-2999.223232183784,-2822.6046389458284
-2373.3601850462555,-2615.08160819655,-2382.01228759466,-2881.5953943179275,-2883.3941210450594
-4098.587119894429,-3422.750854235988,-3086.505845197455,-2994.519620995938,-2295.039954674374
-2502.591551263839,-3284.507850471755,-3237.548879589955,-3046.7487156792467,-3665.127270477937
-4207.7176010602525,-2664.173313275727,-3060.8807041345294,-2089.5586955380845,-3801.958034413408
-2134.7965328463683,-2157.016892563929,-3083.9631802280683,-2544.673879265789,-3092.1159609242472
-2184.077370724969,-2938.30808842788,-3703.0594973406955,-3689.4635803565143,-1925.5371660223852
-3943.91421621959,-2583.5987852500257,-2428.5914118094006,-2434.903791504016,-3871.524066878495
-2619.233949018583,-3228.5024189068936,-3936.28711948447,-3602.481564078067,-3268.8519688848232
-3474.476573420498,-3167.96251943651,-4091.503136104249,-3778.9416418618684,-2597.303520933931
-2941.632193323066,-3254.913796609966,-2936.764402629879,-2976.9263326291757,-3449.580510604152
-3000.864921918412,-2788.6298865035806,-2669.495930617325,-3176.0464248226285,-2516.6106415902623
-3322.2899065274396,-3370.129626087982,-3500.0797500435265,-2477.3655749857626,-2783.121210918886
-3487.2613790888863,-3445.607996352734,-2463.933394704342,-3078.6748379116802,-3031.603201314395
-1988.4715886040306,-2933.790187338308,-2068.9831052315967,-2232.208683231696,-3752.5883343448745
-2680.1467213004585,-2572.011404029899,-3987.0555723548987,-2623.0950976681092,-2592.1552101410666
-3237.133721112802,-4186.680346205156,-2828.756855869898,-3547.9528228900135,-2841.0377364741735
-1814.9718043291743,-2222.8185694677336,-3421.053732255377,-2889.2494871625677,-2895.165221982122
-3185.2820483178807,-2610.433207223327,-3898.4817023655005,-3056.9409383086704,-4184.199017479284
-3569.4675100299255,-3518.7276741777546,-3286.729651762543,-2910.7471458387636,-3035.931121698438
-2852.8943564821348,-3350.8178903018857,-2677.1123026584264,-3261.9019685029034,-2955.114537931001
-3728.6006864822543,-3581.8829647980365,-2042.4698197928099,-4133.581439920105,-2982.410055066836
-2848.1198450690385,-3177.0574417697267,-4106.513928407014,-2630.819583963895,-2309.5367080450237
-2394.0642582020855,-3675.3863555872977,-2320.3745670022927,-2679.2442993919026,-2426.827567420933
-3124.0293974336178,-2119.158928584724,-2493.478625616029,-2890.805762775918,-3307.8979599223717
-3281.9545833793527,-2175.3579408580085,-3559.8545096800353,-2531.941005408659,-2969.741342968275
-2525.7495101416757,-3793.284009838645,-2875.583254736514,-3336.8582451694883,-2578.7653176049457
-4355.869221706546,-2462.181049010192,-2974.112752187375,-3021.06151711334,-1529.929406160021
-3101.927603752765,-2424.746393612901,-3110.2820992150937,-3035.4855766865703,-2086.6987873937437
-2738.9312011257725,-2981.9861959980426,-2690.905082742285,-3223.4438483779713,-2754.6394339906237
-2900.153915955172,-2837.3129797085585,-2853.767117064697,-3589.350635110357,-2689.7277612841654
-3847.3422927471765,-2424.441636932988,-3508.710273187913,-3099.542107186637,-4359.990344803461
-2952.442842643222,-3548.8257058005297,-3047.9307421348426,-2633.700015651414,-3174.7872419591554
-2403.2095964156133,-3133.2469229661347,-3417.886643415877,-2301.0351958619503,-2673.637598692845
-2416.2567012160875,-3172.753029982977,-3716.5186840707097,-2943.2574656400684,-4092.563408690112
-2841.6901839064717,-3523.99482107737,-2519.2761113093115,-3219.5672435798347,-4141.9803112066365
-3387.566454962049,-3113.5364090339162,-2980.2207419259603,-3481.9235814767067,-4000.547570322755
-3821.259278231492,-3226.7847174722106,-2845.4841968189526,-3106.240802918775,-3030.9465432470847
-2401.8349710926987,-3477.5473301520233,-3775.737444181407,-2813.001042135822,-2354.950675833216
-3610.7592690444403,-3274.528751335116,-3620.200407598204,-3554.0745338052016,-3010.193650830973
-2812.151260719407,-3176.0319480128132,-2061.3793027978577,-2674.9061721213097,-2261.74439798712
-2356.788681990123,-3294.611987705863,-3358.7775540384464,-2900.6446343087136,-3111.3485926046674
-2311.79030353554,-2743.7478632071507,-3035.3683180615467,-2856.5796026199678,-3167.5146179499866
-3629.0222246775606,-2116.209277400437,-3273.4057259276174,-3441.994360690983,-3421.4084374801723
-2766.6929266133634,-2398.4185560194132,-3049.9480423520363,-3209.443399988631,-3641.3836034043475
-2804.3678763465587,-3270.89208309916,-2640.773937477087,-2358.0175448070295,-1789.1246835845477
-2882.850043350236,-3229.3558315669343,-3465.5420717450197,-2686.265811158597,-2771.126819946845
-3831.3643540806634,-2422.7653966457956,-3448.4098743161485,-2896.3989933922394,-1966.0223552335517
-2352.023553482714,-3175.6737297611985,-3229.424439071603,-2997.816854783829,-2374.401016862712
-3591.409620267001,-3107.687405452879,-3110.394515865568,-3198.6588080035567,-3560.4948225463754
-3650.8160993852844,-3800.043468555996,-3281.871066514196,-3473.3500547171993,-3346.324748083827
-2352.2120865032502,-2610.897517787876,-2597.519669283907,-2804.6391030883224,-2941.6901593505077
-2911.4310898572257,-2804.260023562264,-2758.287792164393,-2527.183020991934,-2702.707333286836
-2606.702581118924,-2568.2475194970375,-2886.7625122384784,-2784.2095651009486,-3833.040636461072
-2570.991575626727,-3565.6565553579276,-3091.1997638997814,-3501.924865674753,-3189.8327965348767
-3304.087275297761,-3248.010374051462,-3170.710209770028,-3221.348627961764,-2773.9422280145127
-3207.069445792737,-3638.570982740476,-1995.2995676950027,-2827.1815924306175,-3126.0342338656096
-3229.1104606001936,-4013.9906773077655,-3204.6469168420563,-3205.6968908561857,-3155.519333407041
-3475.951083765537,-2489.8373960031677,-2745.0085324170295,-3357.676876212636,-2663.72774361267
-3200.6486790075737,-2908.906767190849,-2769.7956826408604,-2834.05792700077,-2387.6787460893092
-2895.911197934583,-2092.6253912061884,-4082.352158537944,-2250.2028951381835,-2990.4006204881316
-3259.083941524869,-2069.6154520932073,-2930.3213662369712,-2333.792182946103,-1758.2037834431737
-2381.098476403095,-3689.2604208035978,-3615.591508639883,-2992.126494738957,-2658.1622728993743
-2787.6111801027155,-3406.7649377034413,-3314.504516240997,-2986.1314153162693,-4663.761248797265
-2606.955309908332,-2466.2786536767553,-3806.4082700026975,-3483.613740651758,-3559.984799058437
-3298.3500210027646,-3642.5350467692447,-2418.647368233826,-3914.525202241831,-2784.6413000201924
-3477.5030970480125,-4245.04335331333,-3741.145235473489,-3697.6809435303107,-2553.6957356235243
-3232.0239438829162,-2652.2022086789952,-3712.2825235126015,-2339.2997396425317,-3468.9721719297795
-2784.634695617847,-3433.994172835855,-2777.1569502505818,-3423.6456379747456,-3362.67972769522
-3218.574979921989,-2552.459848512458,-4096.081799522068,-2921.037809949432,-3474.324659019925
-2667.359577195966,-3085.945347302912,-1856.7902088131007,-2729.215418432819,-2105.371782037336
-4118.454977871991,-3515.2432744933353,-3485.43683102698,-2869.9903086182294,-2577.7735318328373
-2585.6607942624014,-2264.2647679294114,-2773.4307663243894,-2864.1340584577706,-3517.5974236625775
-3324.794438153523,-2694.5168902523583,-2919.4527072446635,-3683.8596487560058,-2713.66290375981
-2563.889778670079,-2858.3878342819157,-2790.4613393357777,-2693.0338583231396,-3519.526559244674
-2260.9142024737907,-2986.0574648800844,-2742.4617720216715,-3145.310405293583,-3191.8235361153365
-2719.9348303924876,-2717.7377254231596,-2625.750796277759,-3302.5696165724653,-2377.490218954408
-3384.1460937321135,-2600.5829209041444,-2696.485368240869,-1998.2887935544554,-3036.348766639499
-2511.141816845824,-4454.494328383122,-2630.7894695400673,-2592.200613351021,-3173.8504994153295
-3377.309956121721,-3219.9531405701946,-3702.1084680671684,-3476.205155888913,-2875.974508455205
-3909.241859687831,-3069.9695270333027,-3192.3547195827928,-2900.588733936565,-3010.0445233358246
-3330.588738174988,-2341.238727151259,-3284.26831092179,-2870.4778913274317,-3010.381664257642
-2419.141160086223,-2323.5322804237044,-2759.090879928394,-2916.512777718889,-3439.866102284107
-2639.8705597277362,-2853.018279466961,-2858.2591261903444,-3159.1851759295864,-2759.727242429917
-3510.850465225118,-3948.5174587859733,-2955.090568548001,-3767.8695776362288,-3410.226618379267
-2016.8327777541117,-2501.2714571348383,-4047.478815323113,-3435.738774436279,-2557.1941018037182
-3017.973835278735,-2999.047423334953,-2612.7384406084802,-2503.3564529180617,-3346.1690268978346
-2356.377814200322,-3021.071570505284,-2516.8317367093236,-3435.6093112501285,-1761.4756357980896
-3344.841734911063,-2749.7179886369336,-2668.06516847018,-3268.9123021293503,-3050.984681570572
-3846.3309360254934,-2980.9356570606756,-3820.6668120691293,-3852.1879627818766,-2795.171379556109
-3053.6985831459633,-2606.790920006659,-4338.742958931667,-2935.3988591214293,-3710.206725031572
-2053.2182111877987,-2575.0260243427956,-2684.3144498449765,-2844.7435309234756,-3987.972887162911
-3786.6955528895573,-3086.299244419424,-2715.3060275328103,-2982.808316632551,-2577.0983376092076
-2284.5249008409005,-3047.519897647922,-3525.3379862451693,-2510.643780409549,-3356.8382057945364
-3538.3466010710704,-3279.065520837157,-2367.9899689002814,-3230.133870707611,-3044.4470444279386
-2999.0479883938488,-4067.064721978719,-3229.2699054826667,-2144.061623118177,-2793.449430798121
-1877.123339581713,-2896.3617066189245,-3104.48645271344,-2845.1357182740558,-3013.0805173976682
-4309.323150251196,-2493.5795157820176,-4271.045159180608,-2874.4284709601907,-2741.3779584255935
-3205.323984149862,-4282.208147962804,-2920.6260638929593,-2941.6819301203504,-3862.4893394783676
-3101.5086022532705,-3239.2742323371585,-2691.398932490298,-2508.6406673546985,-3205.017982118172
-3128.490578194194,-2705.7379796831337,-2344.7760640403685,-2844.390836091828,-2272.566871429233
-3156.3399445117802,-3984.4417022399834,-3336.7433767906837,-3884.8601394345237,-2943.559599885791
-3519.4858199567634,-1915.2445383439665,-2531.604421351461,-3215.1287729202686,-3623.181821921538
-2399.6362901392563,-2673.0826184763464,-2961.9685750492486,-3728.7348689644405,-2667.1217604674453
-2469.086161791555,-2939.8124374399417,-3243.9413022117737,-1864.1203634667334,-2475.5874595778982
-2645.7554811867294,-3228.64148463844,-3261.6027648732615,-3807.7593426010735,-2961.8003821932416
-2524.5068958680376,-3403.994703584254,-2942.8533281997106,-3863.627717853856,-3737.930003827931
-2638.582023069525,-1831.69711609094,-2628.8820807831457,-2813.737067621197,-3054.940251065187
-3626.5384477900607,-3688.84807175404,-3511.542438623826,-3046.732272037506,-4043.1161035801165
-2806.7444152192643,-3118.112572589578,-2423.136017992636,-2069.9608688061803,-2568.5094060490105
-3326.6418048951105,-2546.97583349143,-2827.7820306798344,-2222.8091337675123,-2563.13161021886
-3032.5741147313806,-3572.194928551838,-3229.1891217843,-3402.2474438455056,-3089.6760405664013
-3681.9550618185353,-3370.823767691142,-2663.912637578325,-3212.695447209415,-2400.872734189411
-2555.0044026707915,-1972.0716907854855,-3135.6531711130183,-3146.79131916155,-2303.2712526084792
-3123.570368981894,-3660.0006725413605,-3330.8286176440624,-2923.7424566541204,-2313.888461466377
-2852.778263481972,-2865.7212376120033,-4096.354906203821,-3451.01649312521,-3951.323898570104
-3329.8961152193992,-3631.182287269771,-2695.128662690005,-3753.898232465849,-3189.1757864576725
-3025.741536599778,-2771.9574555528384,-2900.304571867417,-3193.2336166612495,-3328.9451113424243
-3072.5790851181864,-2609.908698923809,-3305.5829003190306,-4056.5813185087786,-2931.8428535380604
-2994.8134401600355,-2486.6389062982703,-3850.4826933046515,-2305.9725076586833,-3066.9144885986575
-3319.389270703742,-3789.770650607874,-1958.8247521541382,-2715.6358879640475,-2366.27887787353
-3289.18374502673,-2761.2555203541788,-3469.0483357159055,-2922.6551343928,-1950.0928220256296
-2686.4663480245376,-3227.486094914566,-2872.911342702618,-3264.0992804842663,-2390.3595210989083
-2275.672442247983,-2285.51411139123,-3405.5709893150124,-2277.186201735951,-2994.3752747324197
-3627.4332970697783,-3274.182986570628,-3127.938967304566,-2461.3309083799436,-3176.5674627193584
-2567.1441415633435,-3392.3049538793653,-3133.411412363577,-2975.1929541168734,-4668.745885331905
-3023.8225204797923,-3604.3164877648587,-2591.4136783279464,-3457.490079227878,-3639.3743729999487
-3720.486625814481,-3257.2720157427702,-3165.3835910515677,-2832.1482586329707,-3107.0402574236673
-3135.0412779000253,-2656.649181381477,-3210.489209824656,-3043.7785342048514,-2505.1627797225538
-2380.9878342670945,-1420.526322649581,-4039.1619825816483,-3258.4962166877017,-3069.084654887525
-2636.930865057635,-2829.1264733802054,-2857.959256742271,-2652.942426393716,-2891.2545508962376
-3340.3561482359482,-3609.502503301637,-3138.0129188261913,-2442.1160664286317,-3939.3735725785214
-3771.2015684950643,-2851.9511740071616,-3523.9478238324127,-4075.069560974129,-2775.306432322291
-3637.3017955847668,-2172.8278482061164,-3185.829706881421,-2755.9386495265,-3301.9248590072243
-2411.6432931778622,-2727.0310472181286,-3075.8480445129467,-2494.747661680966,-2034.4596418321178
-2373.475257107964,-4926.112500335108,-2291.042133236712,-3069.9634687772295,-2718.760903663201
-2551.746800926705,-3022.2539821446426,-3192.4070572907544,-2957.380699537255,-3035.52639989867
-2211.20894226035,-2563.832400026966,-2421.308898456177,-2881.8420359101005,-3056.2745088628667
-3293.796702511147,-4836.954424726689,-3872.5541758664635,-2757.9569214950616,-3088.5719427850795
-3746.801504691213,-2914.927750769645,-2318.91347397661,-2930.5924152766156,-2571.087789362204
-3265.5198931710893,-2783.0523224984536,-2641.1414755591513,-2773.6768516551483,-2664.4552151469898
-2715.973458471598,-3203.939151421632,-3687.2481839445786,-2653.8345901499583,-2676.8550087883837
-3483.025498015215,-1995.9519042034021,-3145.776002531228,-2383.258510206084,-3278.3945032653314
-2735.546404866349,-2798.4243845639935,-2903.077888825593,-3964.3583221698204,-3609.409369186987
-2942.2183249550103,-3367.2629120489405,-3407.438254053197,-3140.875221807322,-3661.2419679014024
-2990.5177978936104,-2562.948830606853,-2882.20811152308,-3923.5365033218277,-2336.8818421861815
-2099.2542692011684,-3731.5198063100656,-4699.805714357106,-3251.219623100852,-2854.355191170694
-3388.7463682519688,-3094.752577384128,-3134.6753889022552,-3056.635022312962,-2585.3879616239997
-2360.8316297801653,-2848.636969549101,-2786.0349994648436,-2598.263941276614,-3874.446054211653
-2776.371122119675,-2595.7602115307836,-3219.7842519967603,-2204.602982882135,-2593.4360742212534
-3614.7278113819248,-3195.837419646312,-2310.9710985418433,-2596.0964751868373,-3275.377793704014
-3912.241863510242,-2953.473535735356,-3654.1757668670166,-3343.186759303077,-2033.286163785994
-3011.5598439842584,-2233.966658808616,-2121.635626213128,-3630.1648652515387,-3527.467821255837
-2246.6100653034646,-4203.377466618091,-2967.9690884493143,-1997.0351009841818,-2915.2873286777944
-3347.2991063943655,-2422.9914469090804,-2926.0703207327174,-2855.4082545363094,-2566.0665513273348
-3667.116349581779,-2629.694675711377,-2904.3217517459843,-4678.651821193534,-3303.013505261758
-2483.7323351427212,-3959.0928690578944,-3636.0257452702817,-3296.5922442888277,-1831.005242135168
-2667.2692322374664,-2679.3127392380056,-2845.652073477844,-3078.033450357927,-3144.6460004944233
-4097.261539316587,-2960.0523623556383,-3191.6324363731037,-2861.8423119672434,-2275.4748336110188
-2350.7402595475974,-2958.4364207913604,-3964.742824675156,-2674.184283427788,-3294.577380645032
-3304.0036572067957,-2323.5761062718807,-4074.6781213056556,-3130.703632416087,-3567.6810458815644
-4102.7815228102245,-3072.9447676728505,-2265.775898001283,-3322.5008602355533,-2117.6149144113438
-2828.3729428339816,-3661.7986113200836,-2152.0158148589276,-3551.6428246132637,-2850.875197349684
-2924.2224641303465,-3823.696419943933,-2714.1002543996633,-2220.136155375582,-3204.3693729737192
-3138.708484868093,-2205.6731485095515,-3250.6560675738237,-3175.0761720768696,-3545.0219206289858
-2508.8047829341544,-2822.014564074415,-2747.229287253423,-2841.2087358699346,-4282.750062574141
-2835.0604116625254,-2571.8592294169725,-3340.853202422304,-2190.874741795133,-3530.296070921737
-2527.925378859768,-2875.3865865561334,-2386.907105601576,-2696.5737419961597,-3763.888851611877
-2971.6641563202693,-4743.7016795758955,-2889.014764650937,-2807.923821628855,-3175.5588291933786
-1950.899868573567,-2966.8347698399753,-2898.1346267924096,-3065.087404105233,-2952.997449897211
-3827.397912694604,-2431.4040954424504,-2738.8596266587633,-3022.1012792259003,-2688.5381897844304
-3886.685900850674,-2953.4878908719534,-3372.1529252905802,-4269.575625870191,-3059.0805620469064
-2850.2467412643764,-2853.0193500518676,-3016.2661508465094,-2751.783027923286,-2640.3899155668532
-2779.924531686528,-2997.1782498206526,-3253.684887952116,-3156.768791405334,-3552.5040401304427
-3082.3868629487797,-3083.654617363255,-2887.641436451895,-2736.702860723764,-2254.702529122456
-3339.798468614739,-2702.7141118159884,-4087.2283635992203,-3538.8313755494632,-2604.0387182278423
-2991.3208379725083,-3982.6732424595143,-2787.592451506485,-2387.7411623879066,-2523.3705925665704
-2780.9177345614653,-4572.589129883461,-2813.255021462398,-2678.7648392315195,-3187.373305774525
-2873.224993977568,-3664.263126455467,-3163.153443931514,-3246.132542757152,-2645.052846401157
-3702.0272642973914,-2209.795867770882,-2191.407611766863,-3008.8674974249006,-3549.903241141599
-4202.0388625599435,-3081.408659486576,-4311.736360113818,-3448.562582712303,-3128.6677824685084
-2700.8415418034715,-2684.9755342564645,-2366.626440450297,-2769.6023029586772,-2730.0488997143875
-2624.8055805884615,-2238.8705497640476,-3433.8220231088767,-3316.7464294140004,-3290.4819948796166
-3357.1857792297333,-2767.528604501614,-3568.2590096734634,-2889.3867942744514,-3361.01121290505
-2567.4699716099435,-2694.2571202783006,-3165.2538636812246,-3434.9446804087643,-3065.406574849291
-2380.273034202053,-2730.627330848698,-2722.2816220676855,-3175.8877873673146,-2825.0278708888545
-3460.1171160414933,-3997.071564710279,-2375.239222778727,-2573.893766870005,-3494.1825705401466
-2489.1248173331837,-2740.77392032987,-2352.645906851479,-3757.7473000295527,-3588.599556058752
-3481.4412860622037,-3111.8702002749274,-2824.037553925185,-3109.066202193892,-2828.834756331522
-2679.160765421657,-3491.2725918910874,-4171.100051962842,-3562.965797828052,-2664.918813381757
-3056.9661414054003,-2314.6452734026857,-2966.9821685915886,-1596.0053577350157,-2261.44495359025
-3358.557023442164,-2838.1243247423295,-2891.7812575081143,-2423.9422716302347,-3908.1407656142765
-2578.889829562108,-2496.897888248605,-4025.3103269875505,-3701.298926069602,-3305.6783773883744
-2761.55499446214,-3891.503616398512,-2990.089155423024,-2389.6913333509274,-2159.057308673792
-3091.7024047169953,-3394.869481646482,-2697.5976800416697,-3564.840976187486,-2356.320954867669
-2811.5757728136336,-2206.6765830536187,-3223.790684985844,-3430.3060892819994,-2592.1296934847473
-3572.6792768828823,-2570.2366244148047,-3351.6758476164414,-2747.139465015156,-2738.8995634540197
-2600.0862808154347,-2867.3319057891194,-3098.5134431699917,-3055.8714785561256,-2418.192086886543
-3946.956021934145,-2922.8774304493304,-2321.565866426886,-2730.7116932046306,-4079.972529118571
-3004.303342464949,-3967.9327414213894,-3634.1306992772093,-4054.5580899952533,-3211.5173974779423
-3571.190667020205,-3079.7403825235556,-2289.994449836892,-1730.407902181492,-2898.0206749018307
-3060.6619106053577,-3065.995578839762,-2534.9042024545934,-4308.665557994962,-2774.86560488028
-3040.4009324641183,-2116.809136802011,-2735.549636226529,-2203.497058706642,-2976.654342033735
-2080.703652836942,-3712.9168818549733,-3831.423247572048,-3035.9564483522377,-3201.193853546951
-3003.7305502160293,-3227.1953120867806,-3410.1416863707796,-3433.72568427005,-2788.682453674632
-2208.8929274219263,-2808.913440263033,-3596.506683022594,-3071.263361439963,-2787.278746469249
-3222.8879548450614,-2479.6477237266795,-2539.318201378351,-3279.803709658106,-1841.6173963574079
-2120.0135033964493,-2774.616430514281,-2824.454052680108,-3101.8397223148204,-3729.2378289191174
-2959.1798302742786,-2729.898586980427,-2921.8745763601696,-3115.824969163033,-2439.1752670682804
-3887.909616311629,-3715.1556815893946,-3788.2203758751925,-3085.8559370545145,-2958.2087036925823
-3696.9995232142737,-3648.1652117262743,-2492.4512337557203,-3226.6752591965064,-2953.1687107261114
-2681.9696858785314,-3121.9473582486853,-3363.3969444049408,-3204.6317424349613,-2866.6637171189436
-2430.891484111691,-2676.193482745468,-3307.4796971281917,-3227.927955582182,-3548.0615825972463
-2156.8440750899213,-2238.2965014275524,-3407.5120600716214,-3036.499858306957,-2842.4206054117185
-3241.285920628197,-2927.9802239774926,-2208.4431756381437,-2253.4427244113826,-2786.2338328305777
-3835.810693978352,-3923.2261056277553,-3575.00980061868,-2422.7688882961297,-3772.5498092188764
-2286.4886605782253,-2645.829657374245,-2685.3788344324703,-2922.19352690582,-3226.4261702982753
-2435.937000460106,-2907.0342313723363,-3557.7680771835867,-2710.3769455547103,-2523.5637947649775
-3558.4902011592876,-2035.7614971302369,-3798.577286529691,-2655.8423762259677,-3276.57173295973
-3150.2832634374736,-3352.127237104265,-3187.604689358237,-3253.5916141574157,-3370.601348612486
-2272.662847897834,-2966.4199564292976,-2609.669124808833,-3314.7001602750765,-2304.448407707129
-2727.7394241998923,-3200.5110784966555,-2497.4339138624255,-3876.84220624868,-3339.791203888056
-2203.9498389442383,-2898.8389160060237,-2908.6845646627853,-2709.3311872963563,-3017.560418030759
-3841.167689304362,-4589.04315832748,-2598.731871103056,-3164.7883669336065,-4123.024156872715
-3385.7910404734776,-3400.521138751464,-3383.4632089701645,-3080.170511232666,-2136.899304156389
-4126.666437782332,-2658.885737857647,-3514.4329810962035,-2145.493761969469,-2442.4064182111615
-3348.973680672041,-2341.659033504006,-3236.746634094614,-1646.8479668020827,-3020.293894068208
-3887.882188376006,-4018.8018856540884,-2581.78807055608,-2522.683903498693,-3328.095612465928
-2522.0310657793407,-4110.952589202938,-3339.9167462518312,-2943.2619521691563,-2589.7546117459597
-3430.5820202047557,-2560.3327119940427,-2484.122256646349,-2600.81833407745,-2485.9256159755564
-2605.8157204026934,-2934.988530051993,-2567.4338784391275,-2495.9440873012177,-3437.1062952360635
-3076.5587394534214,-2761.734245862164,-3391.1455249439528,-3502.492190562992,-2883.7127243621576
-2470.0318026113528,-2683.5635778173514,-4619.916097078148,-3335.3480982542037,-2680.7570727257767
-2526.049641588342,-2606.9096223740316,-2651.2642925391024,-2869.714598386741,-2634.356048692294
-3340.0596756587943,-2436.7638577058183,-2555.840229399199,-3557.4068271930432,-3407.770484283292
-2789.210067071358,-3858.5712718024365,-3650.8104838556833,-4380.062779533382,-3002.4927035967166
-3676.5420437541,-2322.9237320941497,-2724.352634549949,-2820.847319572097,-1936.5325836849875
-2780.5311439944367,-2723.910464936311,-3095.758719134982,-3431.452000079278,-3871.4023700807256
-2661.389777552806,-2891.4969959506366,-3512.018882268274,-2536.352664663531,-3718.3435029213624
-2974.00768459211,-1579.838607960749,-3752.3076149411077,-2423.647760042973,-2610.0212792695024
-2911.3524375503384,-2771.8368702429498,-2710.1529575863633,-3979.2670007674606,-3077.955744493098
-2159.147517857121,-3187.922285053559,-3775.0854359281298,-3946.5562927095116,-2926.0408289184447
-2672.160260304092,-3582.662111621261,-2811.9238915463243,-2612.4509257189407,-3551.933601963625
-2887.9145578977286,-4444.373857576135,-3649.6231512351083,-3323.02152686451,-2922.318709648502
-3423.2421585342877,-4141.464696174474,-2125.9431870624826,-2884.763989887145,-1827.8927838636437
-4391.3558283386965,-2637.026166832698,-2892.1586178007133,-2358.2561839780105,-3505.9598351714008
-1830.7485252119582,-2959.1542487443135,-3952.8307429453694,-3044.1977526990217,-3270.8884362303056
-3432.25928462055,-3532.740244493748,-2119.7780849294027,-2857.275588738746,-3418.4812392175927
-2661.084395307107,-3200.607230267595,-3591.763996002071,-3370.3235090407543,-2265.0007291966126
-2474.112599454501,-3383.5195462377956,-3418.0155573008783,-2565.9899170680055,-2795.831727618816
-3907.3408030553883,-2204.9594953206765,-3447.424781910398,-2755.144937934761,-3761.8754379286297
-3843.561733681212,-3126.66367640772,-4097.071123883143,-3624.7719359675934,-3755.524150740096
-3162.402445347969,-3098.978948769661,-2192.4232003505053,-3564.840306542408,-2410.519505600234
-2687.5847971363114,-3348.385492495615,-2705.881650751281,-2826.621989604799,-2204.918992593852
-3087.869782630796,-3224.0584423371574,-2828.7590215896757,-3101.009510316409,-3162.9819232622594
-3216.7125658619434,-2728.3672153765438,-2775.136541355272,-2600.813862246057,-2937.986257328039
-2595.626114601958,-2639.377180148826,-3397.22329132525,-3075.1539373759542,-3163.8861422247637
-2782.921528241228,-1753.190596370885,-2574.491702048676,-2728.0830222414934,-2957.7321484144427
-3291.2392631854846,-2953.9299416913364,-2347.4960980246283,-2837.272128788726,-2552.3515729356964
-3428.4747515046415,-2435.8986505582784,-3254.52191460388,-3567.193710807033,-2414.1360934764575
-2279.535632929872,-2307.939865050659,-3564.567768830476,-2443.8885063295074,-3612.379857043113
-2950.604248840708,-4068.7530271168057,-2974.295079698064,-2274.011909248545,-3883.7030130857793
-2825.380383311302,-3231.0861951449992,-4339.055644446345,-2892.74368844233,-2982.2258853937315
-3537.1316193735056,-2738.759197982725,-2986.3213085666994,-3874.3847687653633,-3076.954657402434
-3894.442797717987,-3383.1745876309083,-2900.8520374674745,-2910.47216256679,-2873.891401077314
-2575.3750883439516,-4509.017796674097,-2708.612809603215,-3601.9905116603145,-2432.5787393520036
-2720.228909912527,-3989.5133254358648,-2094.260460375538,-2922.9898353742897,-2212.942370286694
-2750.85034648612,-2987.5094686312655,-3417.0607516344726,-2430.7480448813826,-2522.443847599965
-4408.674785274038,-3335.0199612343336,-4204.384225082844,-3693.5657369742576,-2667.396309701034
-2402.0507011562727,-2366.066129897563,-2536.8422325922907,-2605.373340707976,-2534.873202324872
-2699.9123680044145,-2211.0940103260714,-2524.8524742727354,-3532.6334037075753,-3150.3966239375495
-3767.250334981308,-3120.148339519957,-3836.69896656773,-3049.515137318646,-3437.3267792131405
-2461.0794732005943,-3885.0201088922986,-3144.3783315460055,-2908.5738730159724,-2895.265318275208
-3339.0721487224305,-2902.0879657550518,-2124.5162161660887,-3324.41409635296,-3237.2670844494514
-2428.9346478440048,-3822.0187831432177,-4188.023984022314,-3295.1018634137513,-2773.2437613729885
-3053.4549597407895,-1465.855508116824,-3027.3115043248285,-2581.5741418584835,-4296.11862142697
-2439.3321981174095,-3048.577105536715,-3087.2844636059226,-2287.413055052695,-2306.8690096670935
-3120.022281840715,-3831.9054337786756,-2787.0829586775803,-2724.3181554735247,-2539.4679158962726
-4126.772962743459,-2863.680758537812,-3862.7752782316015,-2551.450532201461,-3211.290658741197
-3176.1833540412185,-2613.431678582091,-3469.0174874285735,-3280.1717922768116,-2620.418410778788
-3976.96782031825,-3608.9773643948315,-2267.2206566033933,-2911.958627041806,-2847.1786554223954
-2603.595206052501,-2974.4003247867486,-3397.059224733894,-3500.7877954248293,-3415.954044596209
-2084.423559216329,-2995.7745766956705,-2778.5482442455386,-4224.9779839144285,-4255.797933314731
-3199.2363852831386,-3732.36139542295,-3098.357410496895,-2224.2750649567633,-2297.010954495487
-2588.1192365006705,-2586.1123072376754,-2814.9376937079437,-3091.3127142516505,-3112.2951381312932
-2776.367426209088,-1862.5073626424385,-3057.41061652623,-3549.427116870755,-3502.4449309410174
-2917.9880797507485,-2069.4006648520003,-3314.8427016646674,-2867.798785601806,-2174.154371660217
-3518.2212480694334,-3647.920291199346,-2556.064420026377,-3248.9548634399926,-3805.2788209923383
-3111.9382213004506,-2890.748447574325,-3398.13579736785,-3287.0265895557245,-3841.643064501953
-3693.810698594936,-2877.9347304805083,-3687.922187180949,-3117.1329486151344,-2413.3844675745054
-3740.0547365481266,-2996.148511822715,-2346.9376911332915,-2818.1748025976885,-3316.3634982447575
-1601.744009392787,-4158.815466678117,-3579.803554562281,-3777.610934750825,-2613.0196976253296
-2736.8832782588424,-3542.301925870781,-3187.2904526002967,-2386.6146722903613,-2575.758375828955
-3217.569050406622,-2700.496024796186,-2708.57354479796,-2877.2506695226907,-2645.6633075715563
-3081.3575062862433,-2490.053371708225,-3269.7869664501122,-3832.4591533607336,-3560.9756824060114
-2360.1407310046425,-2949.295698494396,-3390.993834998409,-2009.3673932443096,-3244.209449184673
-2137.224005964019,-2701.110604043012,-4687.273453381348,-2959.828574604902,-2231.468663986382
-2704.9555053295317,-2811.206327581373,-1843.562486226538,-2735.1460606059277,-3916.9304378608945
-2893.9916637875062,-3063.811732349932,-3802.525042487196,-3570.644965129561,-2465.4718933640656
-2846.9338023650535,-3640.6219502833515,-3262.1762559370604,-3012.6511388533986,-3156.863249899798
-3393.6279122735477,-4247.542349631861,-3135.357828356004,-2502.2898520271174,-3509.0635005518066
-2982.4529805122943,-2062.5186535824027,-2747.808735574863,-2951.961403059473,-3288.694882697152
-3150.210612719666,-2766.2497089615663,-2952.5806047512056,-3184.7045131611176,-2750.0338391631244
-3682.7335897375174,-2712.2606586320053,-2494.67722422988,-3457.0752730444874,-4224.188714026029
-2408.739217499694,-3743.212474476299,-3641.939507969504,-2957.5093862780927,-2346.2377559471224
-3982.5150062328375,-2766.1058845136395,-2123.9551964246107,-2825.1806911030644,-2207.8452551631703
-3885.7625066758455,-3240.187790353679,-2478.354300175353,-2925.749462528891,-4082.445995751843
-3018.4259979761896,-3327.7537945479894,-3827.24811651045,-3122.464908807393,-2917.311657719244
-3772.713545180805,-2986.855312737449,-2461.314362861813,-3174.694586733214,-3128.253295577038
-2289.646774048555,-3204.345271782932,-2321.6370281251834,-3440.924960073948,-2510.6182947974826
-3052.485621109263,-2249.2211514572796,-2887.2883073069274,-3952.5021698676323,-3166.8549013847023
-1909.5691776316662,-3669.2296034834144,-3380.3818515085686,-3739.5390078644427,-2256.6115177125166
-3517.686992202632,-2740.0510917323895,-3576.4227732786453,-2673.5949103379508,-2279.6248650390157
-2848.2290783067574,-2989.331417189757,-3527.45920971279,-2637.820422008294,-3738.812644591524
-2374.5376707055543,-3938.628380450422,-3424.5891794590834,-2025.6204741797671,-3590.682386638162
-3340.49248264982,-2493.3374407631422,-2765.2838504569363,-2674.6493409614795,-2294.60723541679
-3001.0888075545913,-3624.402309339092,-2534.0062753106126,-2329.4447910326408,-2833.8814682417833
-3208.6759243965457,-3449.118845036386,-2508.671922832816,-2921.8490467421634,-3605.4770618542093
-3616.7894015717056,-3192.4265461082146,-3968.263285830466,-2838.102975593026,-2163.9671279147983
-3033.957125788662,-2914.8987731078046,-3245.0817917986515,-3160.282207523742,-3723.9628967165827
-2970.3233058081264,-2987.302623245299,-3074.5465686196094,-2619.557990585084,-2793.1653579339586
-2508.334529746786,-3030.507928607816,-2721.6088177108013,-3602.1506427788217,-2529.064593854661
-3403.9070359305506,-2185.339443575612,-3210.1995915130206,-3588.4116756650897,-3565.4851450688425
-2363.842513674933,-2577.0824176002543,-2914.0980193648215,-3261.725378271273,-3298.194587342435
-2920.8272123100837,-2379.5220809131647,-3573.862187146034,-2541.054126576794,-3386.795130149821
-3092.534278186914,-3650.5149923300346,-2821.936249618719,-3384.866602643039,-2239.5374897020565
-3261.546708042602,-3076.957530470058,-3768.1793475927793,-3025.958397837198,-1843.1305796813326
-3292.624607866944,-3080.1067368515114,-2860.26654611187,-3079.760935617767,-2588.899635834119
-3632.293432080008,-3272.495113777112,-2401.486695639122,-1839.0565199403873,-2984.7770084216945
-2140.166373875627,-3444.7358385342745,-2873.654459275467,-3037.750174459415,-2415.7519530604163
-2518.3272955665398,-2920.259542967095,-3745.4670342157606,-3269.6418968620815,-2922.56038377465
-3806.4618545701637,-2115.543851108787,-2914.3626272389615,-1810.014370159886,-3436.771309362371
-2557.811790281437,-2601.050978256746,-3262.6480927708294,-3245.0782796552153,-4210.180452832047
-2988.1038740818253,-2138.0108573877765,-2840.709551467588,-3303.354820807274,-4043.2887184554374
-3615.834791036666,-4437.693234918805,-3010.691171853185,-4848.280381796079,-3227.382219556637
-2223.722748007062,-3020.7227942106906,-2990.68411049016,-2536.4470158797717,-2717.2130414710937
-3067.0934991565728,-2898.348007349129,-2786.6590050024247,-3099.6754164326735,-3376.4480662493274
-2991.587126810215,-3465.018876692378,-3342.119416738309,-2430.9558783195384,-2586.1608149175763
-1986.4408766959705,-4298.438019186535,-4058.4702651406305,-2589.174772027456,-3097.060628773819
-3134.025919075581,-2463.0417488563476,-2566.009193754437,-3022.7951051985992,-3568.6186691866883
-3417.8107526919307,-2648.151076397433,-2839.7421726240896,-3563.015156541902,-3031.1772012961756
-2765.534487932985,-2535.6519800532847,-2821.265584543016,-2278.9257537195185,-3817.7305531005272
-2420.8601007703173,-2612.1692541965404,-3624.6685691791467,-3823.129328882479,-2977.086559090984
-3011.522448208409,-3144.4346474601984,-2529.6106770673923,-3504.7591138417147,-1663.265544783832
-3913.656886753073,-3660.4898459741667,-2850.391574003851,-3207.788030120672,-2866.877546741534
-3335.0811192689125,-2648.1307212053666,-3339.656090770061,-2530.4157793759255,-2710.040351538816
-3443.0149683337013,-2866.530977532474,-3687.3940738950014,-3268.5978659172233,-4123.2097665340525
-2682.678225630744,-3400.9449005856573,-3175.131889452037,-2548.0359510206426,-1709.278991579393
-3027.7860748023286,-3362.819769975197,-3633.0125654365042,-2682.008268838716,-3816.9917379175095
-2491.6484493311514,-2577.7571538867073,-2329.463492387621,-3393.1339976734434,-2920.0604789849885
-2202.2689727061475,-2384.395837072309,-2579.0673466841613,-2951.3227383852754,-2797.7486427659796
-3342.5183162525664,-3189.2789946794464,-2473.283102855776,-3446.497968504207,-2369.283458730853
-3279.236340988993,-2638.6600675786326,-1805.708665327214,-2570.534185310948,-2499.0082183856252
-2668.935085317,-2550.2613906652605,-3777.1735972905585,-2901.3153590669203,-4788.404477209628
-3351.3164858186797,-2686.2920017599904,-3951.627936613426,-3808.158561829528,-2741.5117489612935
-3418.7839676576264,-4567.372303020009,-3282.3465222279915,-2408.905101303182,-2950.076471813054
-2689.800760961052,-3253.742480858396,-3174.875547295658,-3057.542733384845,-3291.777115702556
-3142.044942529403,-2095.062704053138,-3367.484861014397,-3243.4386840170864,-2788.2449239354232
-2907.793779622493,-3118.1387003171544,-2387.4205287097716,-2628.770576067671,-4545.443165388658
-2497.787804456861,-2323.66611711465,-1913.5374634075604,-3497.427110267848,-2704.261607269043
-3556.479952012198,-3295.2950987137115,-3083.6839569833046,-3772.0867532074362,-3193.992694767311
-2819.950846969463,-2736.7392752742226,-3425.4871181893654,-3314.9954754778328,-3132.2023192688926
-2825.4523543172886,-3071.3813496680145,-2954.2114104237157,-3249.6670012094673,-1804.7010878310416
-3084.653201074825,-2452.058876169486,-3532.547351174442,-2296.6678044380283,-2299.5129020886
-3044.9784255139866,-4158.2998863290595,-3439.430973470527,-2092.9409249917403,-2382.08488703638
-3603.643826194694,-3298.03003146048,-3342.6642529566207,-3199.999697946101,-3777.1791298697995
-2232.8631615757577,-2547.731702599613,-3249.7376707951707,-3365.0238909497807,-2516.0972636083015
-3437.38543062148,-2620.2385537052955,-2842.6855940671066,-2373.831908526584,-3029.5378699557514
-2876.8948014937896,-4069.806333601753,-2968.0495633188107,-2931.2327653472476,-2768.2541273465704
-2630.553023369063,-2716.742508664535,-3753.8011537426705,-2865.80082886437,-3363.725252258833
-3891.643255676898,-2856.028329847033,-3292.434501805714,-2770.329574570202,-1974.9210299069762
-3670.880398015548,-3595.0736522603984,-2974.6468244535017,-3023.389460430241,-4220.553112856339
-2034.502830221124,-2296.8114685625947,-2590.8267716437736,-2030.6231161501985,-2729.5422225971943
-2671.305745794072,-3579.84991868659,-3860.354926629989,-3642.5548084516095,-3085.590684592251
-2930.157767058604,-2991.9608980588146,-2897.773565462224,-3361.265911877881,-2996.9004715162173
-3849.318332491784,-2948.64694792651,-2058.3477516036746,-3649.0916771987268,-3212.811403634865
-2837.448166355272,-3123.116478096979,-3122.4075564380005,-2444.297837787266,-2616.4567854976435
-4048.690165569165,-2396.4625111760056,-2974.5320509472012,-2877.374589081968,-2507.2157659493178
-3805.091268623734,-3115.0559134709024,-2757.5788769274163,-2091.4950734189333,-3497.5278182599814
-3563.2061223056717,-3644.625417957091,-2061.2648780343925,-2472.5828753529586,-2182.028878099678
-2094.9592578196107,-2505.458404734643,-2846.5910626409186,-4191.816351047601,-2852.1821057852635
-3785.5423871938287,-2892.2525423700395,-3133.4872243668415,-3219.5190627214224,-3416.872727872518
-1660.44238178265,-2461.91075918229,-3318.7759572379655,-3964.140777035772,-2754.491062755921
-2283.909268226035,-3534.6821215263317,-3100.0621217855164,-2481.4346491502442,-2494.1396452447084
-2726.0697271414992,-4086.329969413929,-2752.1478142563174,-3090.765006749595,-4035.476145579766
-2992.513408462,-2354.259603965194,-4655.420495112802,-3129.6734974976775,-3607.8971159544158
-2855.2870210313345,-3887.0670864851745,-2589.6236745365586,-3754.60049239976,-2288.0129243143574
-2756.3990990082593,-2506.0850186241614,-3006.8584475936796,-2660.88127221051,-3843.914457895551
-2599.7895442309605,-1968.4970444046878,-3048.717676594981,-2784.7103994867607,-2475.503104801534
-3158.502768404035,-2467.3384662264803,-2989.572598334002,-2812.150634220025,-2558.152786413687
-3902.157183576401,-2935.0475268079504,-3133.0834083359646,-2395.2258674657223,-2778.490685359031
-2724.8992747967004,-4392.766476498619,-2862.0285206790045,-2311.3801894537155,-4219.915757258952
-3082.037683179052,-2952.652670969306,-2896.6689590824735,-3181.042104325521,-3569.1072620503624
-3259.128684998812,-3236.370568362421,-3704.5452339118706,-3441.142561068859,-2448.941923511345
-2679.974772234374,-2968.36573849927,-2625.908217397477,-3860.567965234692,-2782.8012446497055
-2915.745179529938,-2711.8700465318657,-3663.0661815429266,-3276.009209420817,-3354.8135513817524
-3795.2131496722573,-2604.828494957935,-3098.824148506263,-2449.0543441958976,-2232.0388451292743
-2301.8868822503055,-3193.8091795218934,-3507.540844762292,-2694.5228179236055,-3741.220008499077
-2669.12911422525,-3562.6790984368477,-3288.5929659187577,-2506.8467949344845,-3920.6368336219607
-2959.821381763812,-3338.3448888966273,-3568.0178215440023,-3251.139100615894,-2613.148559919623
-2619.70889891407,-3568.0130242149894,-2679.5135704843688,-3329.778671532204,-2718.402082664004
-3365.039606578845,-3449.062245584355,-3096.678103720469,-3333.816293794836,-4093.8997205801948
-2826.702523394464,-3156.6707587356823,-2920.7084614592895,-3374.0784105788257,-2451.2361220763396
-3106.670766120884,-1967.8900659219748,-3758.5072623580318,-2508.3917826852876,-2477.157068366168
-3401.852558159561,-3131.5882222120404,-2699.480673691476,-2559.6092943219855,-3632.2454392185214
-3050.6789585919164,-2573.4730529571843,-2634.279478898846,-4281.683532640403,-2204.8859953203614
-3044.4942646422282,-3375.4242135882587,-2743.2277169415393,-2781.2041044783014,-4996.250389271827
-2455.8610028568955,-2879.290660096931,-2388.2947072360207,-2710.1069883769137,-2828.3115942465397
-2894.042827602542,-3664.06835044389,-2986.7567827485136,-3409.5309619097507,-3650.114146765292
-3340.040322101081,-2771.548299767961,-3240.910046060153,-2628.478631935965,-2988.6989270360223
-3368.933085910048,-2417.8394166543158,-4266.910946745432,-3001.2062484383587,-3144.377903670193
-2456.9107481994633,-2767.9957130030966,-3546.113719070067,-4248.089895110351,-2686.001389413202
-2990.5962421331565,-1762.1523148843337,-2880.261123891785,-3040.1561206409406,-2891.5551808454506
-3850.757355781186,-3176.656657740504,-2333.8070702963405,-3303.4904605623497,-2372.305408006532
-3415.627627747289,-3652.022285302609,-3350.077246248063,-3103.212481720053,-2562.3030575331127
-2320.086500701969,-4115.162423791887,-3046.4133306674757,-1931.1032224713074,-1848.8874329790547
-3912.5162194937916,-3941.230245476838,-3217.5126539634093,-1978.3461582561658,-1653.8523897532016
-2555.4612008978434,-3020.1564320090115,-3930.31031785347,-3226.4596086773936,-2728.6404317469037
-3219.609368773396,-2950.440518998694,-3908.315747003217,-3235.719967623642,-4397.315790358876
-3147.0962028215204,-2520.857777953233,-2165.202471102651,-3082.477330673774,-3436.709230888536
-2772.396882078791,-2901.6440396356115,-2748.740718933129,-2814.6672920481524,-3733.5060617085187
-2400.1240735029637,-2857.69597569207,-2733.1233088105187,-4068.7883079072035,-2138.4692670420964
-3170.0807363534404,-2036.914222169578,-2788.9430843315104,-4018.12099099555,-3801.1186690708755
-2907.31586299917,-3629.671742088821,-3316.4595642034733,-2856.14156482606,-2278.819303617736
-2779.408190687007,-3470.59996430256,-2801.519075855462,-2712.9770528517056,-2806.191992933019
-3263.343352633981,-3021.2481139775045,-3035.6958645007912,-2250.524573152629,-3054.579028981018
-2875.9717588308454,-3501.81626315222,-3015.6315579320712,-3343.4437897509806,-3104.31250635302
-2785.235077752105,-3835.9891389903223,-2562.723543449884,-3339.5374140123345,-3437.487197876987
-3357.335584091749,-3455.8839849482156,-3896.8229328542557,-2802.3681907918385,-2592.9838409268623
-3063.4757984698094,-3250.0079915080223,-3004.1591088969926,-3058.8783589907757,-2537.7071108483083
-2753.8627617359202,-2298.200812873784,-2401.55882573839,-3102.9324528277107,-2779.156399377768
-2924.908680512886,-2597.8150844216702,-3703.5201623873318,-1813.7542648488554,-2365.4852579595963
-3581.630501549432,-2670.1981148065506,-2420.6830856271495,-2891.2687110351076,-3742.0776852864265
-2623.5328726244497,-2028.2958881418615,-3259.8486681194845,-3191.3344398902873,-3826.314289834146
-3067.1754858363124,-3527.2166569106935,-2288.452955576549,-3758.4624443690695,-2582.466127491068
-3114.111783380793,-3001.909576142558,-4282.2788801065335,-2625.2273350043956,-3072.7339254463136
-3457.011549540232,-2734.3322946797994,-2338.2653581497343,-2431.1355424142,-2446.4346616777307
-3258.2437735002377,-3301.7554313114338,-3681.4197839075596,-3251.8180049848543,-3134.3786537240594
-4421.012357070773,-3129.0612908130893,-3230.7880218167456,-2419.318087368725,-2492.1472689639227
-2702.0241289111445,-3778.512723868684,-3222.857024656901,-3306.6832945584024,-3579.833968927976
-3831.4847116017977,-3159.482846957095,-3020.9291204115843,-2784.357374660418,-2744.5583698122573
-2399.952356698279,-2249.7451031996434,-2641.5321586041655,-2791.9341260518217,-3837.1191011467945
-2924.1158785742323,-2282.6968928491337,-3422.172266072337,-2839.302016383351,-2618.199391355787
-2626.219981756126,-3382.765612030464,-2610.684210924411,-4781.116899880922,-3456.3359557600447
-2165.274471325311,-3149.0413166353446,-3918.718013843478,-3076.967987853264,-2476.203844209447
-2678.218623127336,-2963.516066021534,-2773.9414203985925,-2491.510190078451,-3197.079763085848
-2730.5164192577213,-3573.4364662822077,-3102.7337602968246,-2152.4829098584837,-2784.4722180163353
-2007.0656125030646,-2159.518515650302,-3715.7384356244047,-2231.809749547134,-3650.128444867695
-3150.421039915412,-3358.9691552778854,-3619.823739884058,-3004.222113428215,-2563.953158357265
-3209.836050674351,-2282.049296491474,-1912.9086357409649,-3564.463057256262,-3602.5247253193056
-3152.3415812374324,-3519.0149626671714,-2992.7972668945267,-2570.968426953814,-3039.4079981310247
-3009.5588432230506,-2166.599592373795,-2665.613354131345,-2467.443354818939,-2281.2031401097643
-2686.759266990055,-3591.809443047305,-3149.40543269324,-3674.4958583415605,-2569.4884509596573
-3408.3524011155196,-2681.556142568139,-2715.0822722481994,-3303.645584819942,-4025.274994230019
-2940.219105274314,-3029.7876190779443,-3408.908490931877,-3562.7658783530105,-1925.5109536191471
-3471.399901181467,-3826.1074787629173,-3194.3048025652038,-3619.289132526057,-3445.358698218412
-3001.311470041237,-4123.899652111283,-3461.5985810442503,-3268.8155968171527,-2352.005754349471
-3556.7781004621943,-3603.81606526473,-4314.133888013159,-3347.5235436933735,-3232.3431597905173
-2871.3109621583126,-3435.927431435428,-3213.4537813046622,-2309.1902806859885,-2310.0112232321817
-3984.7326812087604,-1355.207797069003,-1383.7395552047158,-2509.5982170530183,-3056.3222307059627
-3170.1512968082916,-1890.5703555554342,-3118.2236772546967,-3042.954411519045,-3111.2176051289835
-2668.5885052844746,-3084.469430449339,-3176.412594152115,-2286.59382754521,-2154.260293756109
-3230.793558414714,-3780.265887222726,-3847.0463542675147,-3090.7010847862343,-4179.708624563166
-3750.7961643223575,-3462.3054400963883,-1937.6316915356174,-3226.6720495252143,-2913.5063335025047
-2128.5229762369027,-2755.081509387038,-3413.23573718307,-3589.1420790730813,-2589.4167354233973
-1631.8780750000922,-2902.372783794274,-2855.50497370614,-3611.9407583181655,-3811.7527189794887
-3027.86258600132,-3601.1512405826147,-2998.689148790205,-3282.3718011869823,-2912.133623311446
-2483.1414525123564,-3515.3245921378466,-2348.348120222285,-3129.7335929433953,-2685.167029638605
-3968.548417740945,-2869.165025863926,-3269.3513386528484,-3876.265259286949,-2683.1319830572083
-3601.788813659242,-2660.969893069788,-2855.5760783696232,-1979.8900413298322,-3690.561756243225
-2744.8241949955072,-2479.0844810415674,-2851.902211127055,-3886.8109343743677,-3061.314220724585
-2288.6721464959414,-3082.373812348263,-2563.099907428558,-2456.0075552721414,-3122.4448132551174
-3777.0103345705716,-3399.0720338352967,-4184.985819542363,-2671.9531719679067,-2745.292969848293
-2981.6786818483597,-2858.450556496862,-2949.4414531735692,-2736.503414758408,-3152.6852435300043
-2767.3591313601905,-3318.9231088316333,-2715.506368759246,-3520.9053664774237,-3702.3440070726706
-2528.430783626332,-2487.9582601772613,-4080.5854465523607,-2733.7790238653633,-2225.3946637183008
-3226.1691781422464,-2670.620257591528,-3331.3102593971535,-2137.7490156260246,-2027.3929842163602
-2619.7544095757034,-3412.141010487604,-2985.1151806685025,-2660.7584638296635,-1911.1569187035648
-2958.1316941471505,-3494.254822817855,-2439.355441037713,-3003.064111018572,-3038.0884695980335
-2943.9995270229506,-3348.1030797518993,-2755.91804796688,-3305.9222856291467,-3174.9496102781286
-2286.7994254879204,-2693.683023448625,-3105.4055859672662,-2459.1974469478228,-3054.344989928313
-2902.1281346195915,-2739.154800918371,-2990.1065881932586,-3125.252176219986,-3582.475756174086
-2856.389893249802,-3474.087646953533,-3242.1027516820004,-4592.41077350015,-3339.2861683632805
-3537.5807595887163,-2855.9885650658684,-3216.217579803517,-2448.045366820853,-3312.31145303142
-3069.7269677018385,-3114.8639244666706,-2841.7505929921736,-3620.7639815802963,-3451.84748326361
-3467.746627972151,-2432.6149392040697,-3934.4361233049844,-3299.1588303685126,-3058.958623119401
-2832.1952314180166,-3027.10772351451,-3050.703679683738,-3136.5278239129298,-2558.7617791491416
-2355.876211281908,-3098.4157215445503,-2872.9667342321964,-2903.755307945924,-3173.5159834666856
-3534.2283766187843,-3497.5412626840307,-4149.196815275468,-2684.681946710973,-2773.4475626075996
-2437.273878822802,-2724.6254712403756,-3113.574591541204,-3607.937407989304,-4120.252081472938
-3052.6692368503177,-2917.9597130855987,-3485.022691703031,-3739.8183149592132,-2699.9284427593807
-3904.004203549415,-3006.710387100973,-3266.5678674028077,-3006.5554141283374,-4332.585680657853
-4010.3541920535686,-2411.5515011721163,-2625.806021166182,-2072.0475649014065,-2746.5296101790113
-3518.777855345224,-3275.2892333960567,-2742.1180262658954,-2389.6644950693176,-1997.4754856271902
-2636.190137323982,-2438.1324850705623,-2878.6254480167513,-3961.8499076652074,-3173.761979149467
-1979.62627071889,-3592.5987524053403,-2539.727947829321,-2485.168930232591,-2705.6581179261816
-2458.2761201188837,-3462.968809935865,-3449.544656404484,-2956.2435559271926,-1992.871924842174
-3195.812519337112,-3243.3625104198613,-3883.5863644419005,-3358.2542929234623,-2717.512816161152
-2347.3033083148716,-3374.4784446848444,-2924.6949237372687,-2943.976071533974,-2974.0750161731435
-3209.5831382053057,-2831.7262412870596,-2996.362463810515,-2618.0756919173505,-2707.56949645082
-3365.3335906890106,-2632.1409813354035,-2555.741972643272,-2424.7781168165698,-3669.929829486935
-3652.4667273945397,-2738.483578313753,-3204.2764710055144,-3107.8124362424333,-2804.1068562115584
-3543.2970713254604,-2714.3687665932066,-2844.55843773047,-3324.1925611044176,-3380.934124595595
-2819.4854664523527,-2515.5075954149256,-3170.45473888415,-3130.551680326159,-3138.4913038202794
-3275.8713396680423,-4227.827520478996,-2422.0623615490335,-2194.8833038686694,-3663.516284808687
-2263.967286784151,-2779.042526626477,-3496.9192025253938,-4056.4729933429453,-3302.07971279341
-3529.0917328467663,-3239.5707066811074,-4022.125836969281,-3371.3754305125985,-3296.1697538007043
-3935.473372096452,-3679.829720602585,-3740.6359378061084,-2185.33718038586,-3011.425150735364
-3973.236475453214,-2217.8126285592766,-3157.858618036791,-2732.8108314667215,-3885.5803187991073
-3544.2156578726713,-3122.265172386581,-2751.395197366282,-3015.994548949204,-2340.076411183971
-3169.7494962367996,-2961.0471831066757,-2417.461286879421,-3576.041828791138,-3209.7714589224433
-2527.4870646717613,-2992.3279693748477,-2817.100185870077,-2657.707087073534,-2946.3951034508027
-2602.005482730113,-2873.558512862101,-1749.4456343981678,-3359.495315196623,-2236.9371450412054
-2167.324181403394,-3610.573333411328,-3989.5538182133478,-2782.426838037303,-3758.7655616962566
-1884.5841330108146,-3152.467543405367,-3391.8527326899134,-3015.888246851948,-2385.6376921096894
-2687.791832445362,-2071.8543449486256,-2622.6487548772793,-3234.2382939922986,-2749.2106364215883
-2794.6478429191575,-3857.0733695164363,-4534.033559505839,-2433.0973479858844,-2411.2062734758974
-2868.626191897267,-2180.7886865223504,-2629.9374067086055,-2411.9630210842397,-3568.2218881739796
-2413.0251405247905,-3510.8030403767975,-2950.013344761214,-4251.372816469629,-3020.447816582251
-2459.978536198954,-2538.2080552279394,-3101.5195883627125,-2536.442966547929,-2762.0229884889627
-2933.3321329028713,-2201.1657136321846,-3206.6778760875486,-2058.1200975726133,-2648.5552945238724
-4124.255587698689,-3210.8350760253697,-3885.192997619306,-3820.808762425179,-3337.245924746833
-3116.334125556046,-2885.968595214636,-2404.7099457796508,-3185.9553439509195,-3714.43959080185
-3073.144047863236,-2201.257068926658,-2352.8839693346254,-2936.0822635162253,-2179.2943094045318
-2474.988529235035,-3693.1749579601787,-3129.907489670121,-2676.1472888172702,-2778.692329476469
-3820.5426031445663,-3804.5091156293074,-2837.34863195376,-3741.561660168404,-3633.09738570202
-2264.466722200791,-1952.6330756213308,-3950.2030101952278,-3352.789913121309,-2716.2261038101165
-2714.7419022279987,-3102.6446058717756,-3163.4423430623106,-3410.3894006045193,-2585.7737918112234
-1751.057838775924,-3011.309409558066,-2641.9629929013718,-2561.674354285857,-2828.4300591091824
-3580.584734162576,-3092.007531750178,-2108.5480858735145,-3623.530973974336,-2831.1870335050507
-2672.82080523825,-3131.79563348802,-2776.3363416107113,-2428.939585515188,-2666.6362863137724
-3655.8986217166293,-2370.5095695948735,-3223.0179580414265,-3584.040997825521,-2552.819972169895
-2934.8005443732195,-3810.18119605853,-4223.100794532754,-3212.475904916988,-4033.8925744708627
-3668.7748500019047,-2661.140279787806,-2811.1538313722026,-2158.0373909024875,-3896.3073255481545
-4020.026225500101,-4143.25955411798,-3252.8562782523877,-2761.038234855499,-2559.452673068101
-3077.819393643127,-3132.4535312746857,-2455.5092081741236,-2570.898673438507,-3130.743814677243
-3993.1376342244466,-2738.235343860754,-2364.6972509261914,-3314.6108587277995,-2297.158284993617
-3945.049230593398,-2971.562328541392,-3373.1482375576716,-3096.2689215381442,-3172.7641922971934
-2203.5571386285774,-3830.461139694177,-3677.9317179445366,-2817.906492855121,-3165.726756981874
-2980.2349322528626,-2625.9640649049916,-2628.820604037745,-2236.105999302714,-3071.3492838155694
-1679.8452289431573,-3595.0652137708576,-3138.0011433433933,-3545.8402970849097,-4358.266532042696
-2860.839833661724,-2633.8649671544044,-3840.439193039744,-3057.3153836955144,-2592.7422506792545
-2072.03150619457,-2962.712791156865,-3059.376348214582,-3110.717016333241,-2001.1501769701383
-3882.3703188650134,-2919.2381805881223,-2173.929779325475,-2950.0779860758757,-3284.3069249530918
-3028.965650910583,-3438.894714451037,-3649.8887437008857,-2361.5803436297306,-2539.1927915786428
-2988.64115016906,-2573.2401417825154,-2916.1632662982297,-3448.6077884897345,-3221.7003703029272
-2742.420461073959,-3975.833101219285,-3207.583945197055,-2464.08007882799,-2895.821114930993
-2664.554110059523,-3298.729623945136,-2704.5786801261947,-3142.8241417686686,-2827.1120857144065
-2858.2504692646494,-2587.472970911676,-3350.1023311836702,-2291.278961620755,-2799.3461383502195
-2129.6690108120756,-2816.831394180305,-3431.5119742564025,-3046.431210468359,-3148.455203258662
-2671.444675535414,-2269.069471096587,-3444.188407329889,-2691.8959328230285,-3393.0865595455743
-4000.087703622381,-2488.3775678815914,-2967.6689764139005,-2264.012579668828,-2362.764133356717
-2351.9773985044517,-2966.2895765451913,-2852.6120740771435,-3613.4657314356286,-2477.567131896958
-3690.5450581491286,-3407.275849206439,-2634.6021654281208,-3255.0282045253275,-4297.126829205604
-2984.7380384431235,-2486.9937253236835,-2904.0542117001664,-3939.2557028639612,-2445.8492194236987
-3567.3763893652967,-3484.023871884238,-3223.668519096338,-3756.0333883646044,-2974.1630321969865
-3140.9690681566185,-3072.745099740014,-2997.489941703483,-3180.4440177931688,-3443.870353307007
-3250.103648186243,-3387.783778813632,-2319.2623423119794,-2574.6540761545057,-2138.6200471301
-2802.2763011425723,-2401.708898562481,-3554.8065022941882,-2727.8928869278107,-3556.5935474981175
-2790.5701190557843,-3694.890150280461,-3567.9213581697786,-2828.0036980622267,-2442.0722269681473
-3666.924582268362,-3036.5025683226418,-2365.0115992457245,-3456.3661721085255,-3794.269350784004
-2305.9466844531753,-2945.5630002986804,-2874.4156344477374,-4603.52064365571,-2744.0788910973256
-3514.723325559478,-3785.7754247638204,-3407.0850896029738,-2795.2867460961047,-2228.141624990194
-4210.180253243451,-2219.000624018528,-3400.0388865902937,-2495.8297129511934,-2867.6703826229614
-1856.4581445929937,-2730.2651989778733,-3480.381408976573,-3279.671720052855,-2432.8063292043516
-2523.164226491874,-2810.7882302382454,-2828.0367630519777,-2603.1507700194743,-3764.991114663833
-2743.398522787902,-3502.788668358377,-3354.043797475482,-3634.7775581140672,-3500.5143020092537
-2885.92333074892,-3939.2417120187934,-3136.084412170943,-2189.293976260503,-3410.3900075038987
-3493.653491960639,-2970.7206239670704,-3631.3595470761425,-3471.4764882671197,-2978.3314013026234
-3397.786071298921,-2703.1831075659547,-3041.3651290925554,-4070.4031631984176,-2026.6437042997793
-3251.260301880881,-2379.4142207845425,-2292.9449209673476,-2680.5116704219627,-3575.7897020238465
-2673.5407507303275,-3322.5370831805003,-2632.3538555873065,-2488.093966017819,-2470.4651678929968
-3304.5138504879073,-2451.4722589403254,-2685.0211619684555,-3257.4256668317485,-3259.108796044077
-2910.761153837904,-2979.365905808374,-3349.126335622255,-2597.7689209999376,-2838.1392666598585
-2644.4547888417505,-3012.3673946120052,-2332.9129052681074,-2752.6065186133765,-2705.609380869849
-2752.6134149696013,-2843.9568037139784,-4380.452339765072,-3058.0748246491708,-3487.41900275909
-3303.1517293081724,-4014.959780902102,-3104.851788141573,-2632.3006009679802,-2479.126103106266
-3450.2797149250237,-3534.969695270688,-2387.399713108795,-2299.03646617102,-2690.254740151511
-2333.6034868635743,-2645.160056044562,-3342.2411189361533,-3858.6134478587555,-3819.1239465230874
-3950.4480720351658,-2527.318920229121,-3368.8472655289984,-2299.5301715022097,-3260.728189345883
-2703.661256444344,-3794.925914654857,-2359.9263571650026,-2619.0790216633513,-3678.390303787144
-3697.057171820733,-3177.162833160879,-2600.839301249131,-2777.3261887309714,-3185.7136300882034
-2454.913922486312,-2198.3945066098313,-4184.919824620772,-2941.0370518058935,-2465.0506904735084
-1993.5335066410437,-3948.434788837987,-2481.648618371395,-4178.87547380212,-2875.7754164076605
-3544.2539780836155,-2115.1314445450107,-3326.729635841856,-3643.8014603516426,-3053.23450962709
-2718.987095036565,-2485.9801300338722,-3796.4107838143495,-3070.220844339791,-2454.590390080008
-3641.1387525337336,-2936.0866183198723,-3463.5910159967916,-2225.6567741530303,-2558.075588059223
-3289.902074910729,-3403.7364303792324,-2913.433489504862,-3087.543558275223,-3170.065304845922
-3809.930299016228,-3052.841609303844,-2024.9770273599715,-2647.9841682992965,-2775.0234220116627
-2773.601227801123,-2167.8892237365712,-3353.318106825539,-2836.1279763616,-2239.7155596487523
-3446.491145657427,-2511.2935118053774,-3605.6780763433303,-3086.7240088124618,-3085.7429603530923
-2925.8144015988914,-3148.556050881537,-2761.7713699350184,-3332.308088499564,-3716.608444703865
-2150.9515066261906,-4720.770104153048,-2800.3946617084566,-3060.527190793764,-3716.033615985149
-2928.628427236798,-2328.101457240921,-3644.8291814927275,-2872.6132203902166,-2553.7289990773756
-2938.104045890827,-3315.317664854023,-3031.6933677411816,-3850.19332561694,-3004.404180621296
-2000.7426168253478,-2322.2027342105143,-3129.9284010480173,-3006.471424868822,-2778.354412837669
-3985.695796205365,-2891.2085591996556,-3975.5233828909486,-2494.31559509473,-2820.4451541424123
-3179.6043619522293,-2315.936203074658,-2956.772627420942,-3785.471463335473,-2682.4251792675614
-3520.7031261473326,-3465.2431317018973,-2738.4950718169284,-3403.6455624777027,-2863.3560823610437
-3656.5858611251942,-2737.526591652772,-3076.6003258128917,-3605.391249962899,-3217.0066096174337
-3137.119326853161,-3810.146035439066,-3518.988171659158,-2007.247085392544,-3818.3435613937504
-3184.197651732505,-3931.407274914542,-2571.8245076320145,-2769.0189106663915,-2934.169096637954
-2651.507064621666,-2965.3619343597675,-2813.3932264114655,-2770.3943343623073,-2643.952434730029
-2364.72472622706,-3942.5441403533073,-3276.862471036828,-3165.8878158360008,-2319.117191386456
-2027.4615626124892,-1932.2526469658403,-3334.7393842963093,-2711.371582453849,-3331.099275221252
-2424.8507532051285,-2462.935079326759,-2879.075492173623,-3355.9721738686985,-2713.9265999958957
-3134.5715455445857,-2841.2719454320422,-3068.080457644138,-3052.975968178202,-3295.3240906707038
-3033.4887672167247,-3338.444667052831,-2963.4912665448774,-4190.321986403938,-3396.5625499419675
-2306.870015952546,-2474.586737115235,-4562.725258209448,-3478.4367381987763,-3274.343062711165
-2338.2749708028755,-2740.930147587821,-3067.2214717120773,-3475.1451716197353,-2418.3698924222876
-3050.5007749537112,-2378.172958548735,-3009.674521295119,-2527.948313007942,-2134.8529366839884
-2957.624318998623,-3099.7488185752954,-3222.5289956886804,-2119.218755073782,-2909.721301057863
-3756.73932668943,-3066.278422422666,-2866.7064277090035,-2388.7251336206664,-2951.364673387733
-2999.9871853086584,-3468.776716999021,-3044.6089548875675,-2750.230148423163,-2983.0717337797073
-2528.321949343437,-3791.210402135333,-2805.9776932586515,-2392.244067159128,-2672.294550202126
-4238.9920729126625,-2739.7553389606983,-2523.996628430397,-4338.059631650475,-3619.17523381011
-2993.4550650404813,-3935.7673232122415,-3413.0622939078326,-3101.4932856927508,-3052.067804483519
-2674.7090379115903,-2592.742381555662,-3059.1442161267337,-2393.662255181618,-2148.9077892339014
-3418.3473259461825,-3596.331501473069,-3288.96180122411,-2662.436485155129,-2850.0379101573185
-3811.9232780153357,-3472.2019795212136,-2634.6078241732716,-3466.6169917310935,-3445.904598584148
-2708.5694278326673,-2190.8231947257354,-3136.9919506381193,-4249.78999570471,-2984.718699383269
-3236.6143408411835,-3441.7884860972813,-3650.9558709947796,-3420.027951080387,-3233.498486297934
-2504.862602338815,-2867.4120579488094,-2741.8728795669317,-2615.696306354632,-2380.3023005218506
-2922.565160963964,-3448.5034764318593,-3575.7379229968096,-2492.4557432609477,-4612.291605209446
-3438.3468118803908,-2227.80663469702,-2568.2603022867766,-3556.371764359966,-2270.5248336708955
-2364.50388075071,-2331.6427039762293,-2699.71619948934,-2007.9942252696644,-2493.8636197334704
-4032.048013260548,-2601.2787506097206,-2364.2305026454274,-2983.5886466221664,-3136.152581956515
-3186.6163032276218,-2662.3737837635563,-2447.1424348076466,-3041.766380120524,-3630.7279315118676
-3449.0637019624,-3197.6531150780434,-2878.4806192841297,-2651.302934575054,-2754.294068919674
-2391.4120523994966,-3240.745951209952,-3465.2637795838327,-3091.477336480751,-3562.2452718879836
-1959.1690712212485,-3130.875816454798,-4260.979763295723,-4031.4986982520054,-3230.8237439148875
-3098.279336352357,-3053.6367837787952,-2908.877340094405,-2328.096857097699,-2417.8984235949433
-2351.612632641684,-2979.293756797914,-2988.3777363735867,-2332.860934351311,-3262.499800678377
-3020.4011879636787,-3174.3740722421994,-3370.6753292827943,-1989.2472049347832,-2736.1311764244692
-2796.9081670054697,-2476.3949484087175,-3022.8967903049006,-3733.0116251297786,-2232.0058907219754
-3678.356432181741,-3385.3616685974525,-3221.0539604753794,-3887.20829133494,-2839.257590395311
-2424.920787176022,-2890.3527888665412,-4094.7502401604124,-4024.217823490137,-4154.61608588462
-3681.5524585725734,-2787.19552890973,-3513.32344875484,-2807.1302273267315,-3048.6567787905024
-3533.038445411316,-2040.276195309803,-2694.52599188088,-2571.7434764040727,-2706.419144886706
-1748.7566162756987,-3340.821077819678,-2484.2177780050188,-2705.7401684074825,-3266.297286988986
-3570.795568469347,-2545.023666342118,-2728.5402559587837,-2859.0578644094144,-2973.5589421004065
-2701.2129865309294,-3743.6822209409784,-2435.795021497689,-2149.3072145342044,-2371.0453434100973
-3184.1580147496193,-4286.282167436806,-3677.640932547743,-3168.932596006588,-3105.4247916513996
-2779.325357279189,-2791.2772288959977,-2674.1362047004145,-3675.0742722001264,-2687.8274090208583
-3435.128034563617,-3301.092039095862,-3024.1630806087674,-3853.0096436386025,-2738.2792010019502
-3232.8914072657226,-2479.3432863704907,-3509.5590801530197,-2558.8965767803934,-2590.410564321228
-3966.293408764321,-2720.5666389703247,-2579.070766769936,-2519.0933247760513,-2568.3138537027626
-2989.8074255452193,-3497.651684091973,-3882.842481883093,-2548.9327987677,-3174.813263658989
-3360.750189695449,-2989.913861287003,-2486.871957128873,-2837.373754093401,-2383.024268837527
-3770.976865246853,-1701.026800634948,-2879.22759954671,-3610.718708832721,-2905.697160883908
-2449.8922793632864,-3860.5490244127304,-3057.2655602166733,-3513.3270069774185,-2882.59407925029
-2653.998475806,-3580.6974812429694,-3486.280904679796,-2217.7269347352676,-3857.985034362192
-3618.7954970801347,-2599.350157704252,-3368.4072757818476,-3770.7649156430534,-3486.702464066121
-2871.199962347737,-3093.569391149418,-2799.7079240557987,-3227.318390346954,-3344.5197652557936
-1736.7608795580702,-3662.279257402539,-3021.235192966917,-2915.258841503646,-2960.396216682005
-2873.4444556631292,-2453.061502936889,-3579.8324683956207,-3120.378640362876,-2570.448247416995
-3342.1863812850456,-3009.422513918415,-2917.5141922870484,-2066.37964683781,-3485.896744757619
-3755.559602427131,-2697.809402180975,-2520.6843941810102,-3192.1956120686323,-2992.1698637717236
-2447.0717704328704,-3421.5439405886773,-2088.163678231973,-3289.8605767146696,-2757.008659160501
-1929.7332997533354,-3800.2611297556837,-2893.0539229635488,-4463.087907036852,-3427.1744197749285
-2815.282350846231,-2850.2459848084427,-4449.083223049683,-2850.725374580144,-3465.2102764856404
-2364.6673416969884,-3182.6712932865516,-3768.5953853480164,-2818.1149586992174,-2565.052045630853
-2637.5571158293174,-2688.871763752439,-3285.295920563425,-3498.3469919013155,-2653.8184410576364
-3956.7400921138983,-2177.170001043759,-2098.0044497109116,-2026.7875605615964,-2360.543548453956
-3175.9524539610966,-2626.302227373216,-3785.301321670741,-3452.9267694581063,-1987.043808300591
-4093.0365292770352,-3457.931940731156,-3192.7525102243103,-2472.952186204083,-4237.18387409648
-2656.6337796785815,-3331.309834285952,-2879.866672110827,-2571.621714533901,-2958.8166610966127
-2781.941216716897,-2319.849641009687,-3107.569245075047,-2634.403377963321,-3762.683878441565
-3029.447612119678,-2593.5544367073094,-3789.1935170251336,-3064.1329502467283,-1848.1421830501436
-2731.9802971149365,-2520.9044151546873,-3282.9380750090086,-4001.970641462851,-2720.489068582372
-3074.1318487077356,-3642.58314268013,-2696.1427830621683,-3564.918492501986,-3422.4747868247214
-3195.3906952751004,-3803.0096818910515,-3348.3673822323412,-3995.2639700946993,-3050.1443907500784
-3342.3510012134443,-3390.096740645045,-3414.6878191349533,-3108.404451493047,-2906.297337225391
-2312.3470021215276,-3900.6263487940814,-2870.1548664549555,-2992.2083153198737,-3024.0974398979874
-3012.668840741664,-2562.3530872351216,-2547.1462085307085,-1989.5385787851214,-2367.6791484586834
-3856.9296625076577,-1768.6565035104795,-2808.285097399734,-2433.342283129357,-3835.161999289043
-2846.5377238070496,-2280.7131900335235,-3850.8560423331205,-4037.173813480479,-1679.7269373810875
-3051.652397808465,-3187.0442578040957,-3856.342358587526,-2857.9197354209846,-4013.8254079214685
-2490.15002908279,-2819.6899264410854,-3349.076084180304,-4240.444827589564,-3070.064393717197
-2657.3792505562496,-2598.100437513022,-2739.1290324917204,-2647.686649376496,-3408.470096407323
-3963.39565982317,-3390.913157906389,-2632.2496177908233,-3571.3892329435753,-2087.030118814179
-3084.566619522955,-2663.6410054719254,-3055.79676329984,-2434.0014056212026,-3121.915489679988
-3117.6682741173818,-2756.0291224063644,-3415.242971427523,-2797.781138480342,-3272.4383060741743
-3135.262420891448,-4948.434100528465,-2401.1529397367176,-2525.9447059053964,-3222.3923095714536
-2731.457982815072,-4936.99445441633,-2874.038011557388,-2022.8308278060867,-3281.367016904925
-3401.8988628380043,-1276.9111185083016,-2959.921673664859,-3217.3804675268166,-3048.822344871591
-3171.4406093270472,-2882.537354538993,-2816.8233150125616,-3528.973875637825,-3164.9404110003316
-3588.10329374226,-3322.7851327650947,-3176.883296985139,-3300.8882133783927,-2189.492677759353
-2803.021813742423,-3067.8998914245517,-3338.995838253706,-3201.0279318825665,-3649.176448134873
-2836.0205937029486,-2878.805002890808,-3215.2890139332394,-2316.8382714430913,-2714.1638376152423
-2903.4098091838273,-3693.442688927503,-3020.7934388082417,-2817.0426187901394,-3142.851277342846
-2533.7047759728766,-2618.815226270489,-2559.5603495552964,-2218.666606499832,-2750.0312601872433
-3501.570372564304,-3336.7339686993623,-3585.558305645545,-2952.8933473022707,-2353.316568560573
-3259.761708079634,-2398.17391025305,-2989.3220626326347,-3142.0431976362274,-3038.1700691988517
-2035.6141464479367,-2828.7851663471874,-2984.912218344648,-3815.2529041456332,-4021.5714295417315
-3499.665194872489,-3041.228889341983,-3359.9069878626633,-2905.514318783955,-3132.899031265329
-3007.3738965448983,-3609.1157751090163,-3512.0750471645474,-4212.608299933507,-2423.365549734155
-2796.5581096859605,-2996.6603033624174,-1930.441690789848,-3087.07820513791,-3861.7350017182107
-3315.5480433202883,-2691.288421804535,-1689.8344216289488,-2780.561702895977,-1731.7312077865543
-2259.0212573135545,-2612.536184823659,-3163.2133546527007,-2607.667053427707,-2568.045413686403
-3099.953922740735,-2430.4971892224685,-4536.936532840117,-3170.2995361979138,-4034.021575480516
-3676.799346580745,-4211.701732308244,-3699.6629072892156,-2390.9200789492515,-2922.606236014076
-3017.3122650560986,-2822.8374181041513,-2474.8453022420154,-4218.980974636054,-2822.8221926038977
-3450.7866775947386,-2764.9106765650426,-3974.084618529981,-3364.700533011694,-2884.824156810297
-2975.105791736132,-3059.4152724653027,-3156.377180413802,-2622.4461524641924,-3243.927574403417
-2341.9233426062124,-3218.962980652464,-2810.44071269897,-1975.8396584584507,-3571.6411754180403
-3290.902401415906,-4358.543758478506,-3732.3859851859524,-2063.047097532798,-3070.1776926952593
-3574.1827853508616,-3410.2363168065062,-2693.961314831703,-2912.95910269739,-3528.7142974845497
-3036.407368618168,-2535.0218270813925,-3880.789085864638,-2877.494474322884,-2781.1272588790866
-2733.41051052173,-3320.1874969201895,-3327.385663184652,-2666.8870968698734,-3173.7395095063634
-3185.7637204983666,-2437.8509023496113,-2756.1994263145134,-4231.733093225071,-2766.090406645721
-3274.4240162780266,-2164.1487483772803,-2162.2810519757422,-3159.7548315958165,-4227.947168928305
-2902.190160496613,-2784.579192619403,-3905.8641517995407,-2705.5897992321648,-2257.84097931006
-2847.090673389193,-3182.3830021928356,-3022.5260291609984,-3323.7387962415423,-3513.402132107393
-2310.7255858577405,-2949.8779940818135,-2603.012393162733,-3071.2386990884697,-2615.398888250384
-3137.961629819379,-3261.8963810496134,-3069.508247361668,-2930.715544799822,-2030.9572641340155
-3483.41581755325,-2850.9412765593615,-3065.5114314224006,-4561.218641395152,-3451.1670100732226
-2612.587376949248,-2526.6938715712286,-3802.4607781075797,-2367.2813289521587,-1537.9692744267713
-2622.967434772328,-3771.573050974459,-3551.3601770271907,-3218.544908035944,-3292.5142435211674
-2636.084981444011,-2803.785642492014,-3837.480349871598,-3539.1284743479428,-3462.570487887306
-2586.9245526306804,-3666.719148998763,-3118.0433433633193,-3505.190219600692,-2539.5964699080423
-2848.210419262227,-3009.6702926685716,-1846.0299039419697,-1893.7518066401506,-3049.373240296909
-3077.8882514006195,-3397.6417808773517,-3136.3658324361004,-2682.2761469234056,-3113.485091381229
-3691.127731490615,-3051.408855873189,-3507.6014799816116,-2634.0552649091005,-3103.3269436382066
-3811.802177779548,-2909.994553004881,-2827.643019269753,-2055.533118703107,-2983.965772555891
-2876.1369070733563,-2560.7363618271843,-2254.917163880631,-3791.0717306816846,-3415.2510584951915
-2957.7578527280407,-2706.7991457684698,-3501.11848024739,-3531.0846123926613,-3511.549126004249
-2433.93384817117,-5051.912543564035,-2825.6890004800125,-2535.6506857974837,-1693.6139249191365
-3422.5117929372977,-2860.596756039807,-2671.398739809127,-2967.213246826828,-3087.619602328721
-3303.1588378864662,-2799.0609818357643,-2897.6955177367377,-4040.9660304133695,-2989.0619432278572
-2431.5571510225723,-2850.9306091738977,-2343.02958542976,-3689.061379002595,-2340.9102255342036
-2192.9733709604016,-3375.638320623153,-2959.270030995169,-2778.5789163986983,-3157.993210314941
-2822.614484495249,-3174.105423732319,-2880.8977244647626,-3074.7255484049992,-4515.167098439312
-4710.941096590904,-1560.5701744063945,-3247.335020319905,-2550.4621303789354,-2983.3338651641943
-3011.839780886475,-3140.7629348873056,-3412.0857799186824,-2939.263809034372,-2532.0824648611956
-2761.3671916458857,-2734.1378767301785,-4066.576486009505,-2478.7233476867127,-3180.9211531380006
-3576.9828544111565,-3732.8305983857845,-3492.031446740702,-2303.9004269380066,-2859.795562842212
-4195.0075295597835,-2529.9927866769726,-3585.9507187276336,-3139.0404319477343,-2574.9966306461424
-3334.960675362725,-2659.163392983819,-2167.2734644703137,-2882.660697063874,-3201.7603873598023
-3201.5078491915297,-2967.6435168717053,-2444.589681680521,-4228.871334868384,-2989.8499199505995
-2578.929021787197,-2767.512067392459,-3352.0912485283757,-2898.3574349714213,-3364.530151138932
-2211.8995589948177,-3435.7197216562886,-3279.0070333570707,-3391.821081219232,-2893.992564846716
-3342.1555582694214,-3266.3290970522244,-3331.1968157324804,-2491.4071770029736,-3203.679047149271
-2727.7087676586775,-3579.482927460154,-2980.321376266908,-3310.8533476186344,-2750.365146283501
-1936.3215675161866,-2453.883492323752,-3514.541150756407,-2845.0081706990536,-3820.46760987266
-2668.614747345591,-2441.725723232878,-2433.204070501775,-2570.963556277738,-2330.5832893876845
-2969.4111621609095,-2752.255688336619,-2386.394350570325,-3160.2383415646896,-3327.1567607768675
-3574.6370073740177,-3600.138553980214,-3183.668075311321,-2790.577348830377,-2209.540388457691
-3164.3489163764516,-3826.6151752290166,-2939.850317253835,-2911.280162360324,-3038.634849299288
-2646.1252650397832,-1675.792284361315,-3249.503063748052,-2848.4058346391366,-3795.6518695279347
-4040.1486449585254,-2325.694185300835,-3902.513063653247,-3453.091397510938,-2647.9263570488533
-3180.8285335479145,-3280.5399060896757,-3595.572656822376,-2379.4340822801337,-2949.93800653056
-1975.8139238713607,-3161.4163264193426,-2774.920994019698,-2276.618236481804,-2936.010474351469
-2588.0204269283554,-3038.7214291964015,-3446.608753762592,-3177.143996459418,-2864.1981843266913
-2557.7662646978524,-3004.9043387008323,-2748.162735339224,-3737.2832022701564,-3098.004688336105
-3035.658699205261,-3557.7929410844717,-2632.722410522914,-3465.6093994519265,-3227.754008879674
-2184.1075205681454,-3193.05563093566,-2948.4699564228376,-3754.7805949908275,-2090.190584574071
-3780.885755155505,-2864.2445352959517,-4970.758951700851,-3426.7931259396178,-2466.2478486142863
-3768.1695285469104,-3130.680160745647,-2574.118769298021,-3984.384133077456,-3928.2146910219726
-3287.368472011418,-2367.572111208954,-2594.7517631690876,-4083.53959692034,-3000.083232481145
-2779.1540823609457,-2755.2846788641264,-2160.5232636917176,-2399.1007070059763,-3734.1549644595793
-2387.5695574093847,-3853.033379886636,-2638.235151915723,-2177.6960274794083,-3932.1895480843014
-3331.1636339993474,-3000.6006297051713,-3088.350977246354,-2809.20680389758,-2691.746328886446
-2821.5735198616635,-2864.587060145531,-3267.6878455466986,-2336.0319135218374,-1525.6301889517417
-3482.7472874370837,-3406.989062626939,-3398.6111336999993,-3546.0524363391582,-3643.851436439721
-2038.7619103654697,-2586.4656420983933,-2864.9243023965814,-1899.1943845964377,-3264.2024190132693
-3495.546703107491,-2941.1215469911754,-2655.296330896499,-3746.3886683836618,-2702.2201817787936
-2505.071662048324,-2228.537974096091,-3788.4123939309957,-2894.869257756058,-3196.2273941784074
-2899.251933597213,-2038.1794778340634,-2560.9426717229567,-3153.7942738507454,-2402.3345985158016
-3238.0208973591534,-3200.932438203944,-3213.910720428514,-4175.5883849471165,-2494.3842683188996
-2518.3543410073003,-3109.16167735823,-2681.8388268214458,-3388.0612683181153,-3414.4758871534327
-2925.0021935881396,-3407.238512199624,-3774.5856135510185,-2644.7262364349917,-1812.305238874894
-2391.300265063662,-3265.544980350055,-2542.672433179816,-1540.0736135756606,-4097.220478321321
-2448.4012473023404,-3325.3090420569697,-2951.4842121352735,-3003.3776435493146,-2872.9084082536087
-3756.3389477588353,-3165.515647552365,-3555.801055791257,-3486.217698768042,-4039.001724618982
-3850.9630024500725,-4078.6671593068545,-3290.9629481573534,-1903.3824027328162,-2880.759014768121
-2378.563317092788,-3122.6672620037234,-2528.902260509369,-3510.1348849670076,-2449.5173644787133
-2978.5602149424626,-2091.7064375376503,-3179.18484663599,-2867.433169121454,-2889.753005958614
-2700.493702444041,-3091.446314829169,-2684.6891607927428,-2939.469798327266,-2656.9733192688977
-3519.8721987609624,-3277.4455852878964,-2317.0592625367153,-2566.3989884433227,-2855.633269898936
-2722.272806343902,-3966.6484987571316,-2890.400893464229,-2954.4959454664436,-2649.6665773366663
-3061.9357457915726,-3209.554999870258,-4214.4034746366015,-3592.4571065543378,-3150.0980159934275
-2815.8062377202073,-3618.6349045763973,-3482.8704946146045,-2684.9214918650027,-3643.4992431351607
-4125.8726373003965,-2618.32308270386,-2693.4192292909106,-3417.517575907837,-3228.286341592013
-2586.436592039883,-2530.1820596264315,-3382.640214347352,-2138.1880774968695,-2893.218293482066
-3277.889521947331,-2648.5820270668833,-3363.5019430349334,-3359.634937272995,-3428.134893283232
-2959.9955025082627,-3552.1828481033417,-3436.424771049918,-3065.1028620223287,-2736.405768067595
-2896.77529615512,-2012.7642178431781,-2861.382088763708,-3002.26473989838,-3602.303312471775
-3975.8989169889655,-2544.8563288051864,-2452.7524579175083,-2813.8406193635383,-2794.0133247912354
-2260.193334664859,-2951.1124410259035,-3421.266005631894,-3356.3752104868613,-2670.495842072775
-3749.7254889919463,-3522.4568593188437,-2415.4546938609606,-1887.70481535395,-2776.0401400842284
-2796.5144467601735,-2281.092468233422,-3802.3541707781837,-3587.525991743534,-3137.9689815329475
-3612.05197826737,-2951.27051297459,-2994.3669159530273,-3087.629530678871,-3058.643987267149
-2112.566656763552,-2792.363081241591,-2847.705572594458,-2824.244997166191,-3240.543686111877
-2999.709121826651,-3117.5223870858363,-2984.865663746124,-3320.667812816177,-2801.888066737483
-2748.648162661117,-4158.452875286924,-3332.940723278772,-3250.011255240656,-3019.8080140596912
-2682.454739833081,-2652.173703357603,-2779.407947068487,-3168.73000530362,-2166.1808166269716
-2743.298286725818,-2865.2774024763607,-2750.82996546294,-3825.0921550418207,-2492.3835645899007
-3299.0869465197393,-2483.8232957509135,-2671.6953676443845,-2567.1645953191,-3517.9107069611778
-2903.9336981878664,-2534.9209139244763,-2116.1981368095126,-3890.151287898803,-4063.7376606374087
-2194.724087058585,-3096.3393225731693,-3367.165704955556,-3203.4524789675725,-2501.4425268832806
-3258.1606936772314,-2771.958216961992,-3559.479221820287,-3174.560999762891,-3187.5168967456807
-3286.491301930869,-3094.449353924987,-3475.742714161721,-3196.19381438261,-3389.4013673973127
-2916.22176697296,-3354.891284808789,-4065.609597558051,-2510.8588807637893,-3056.489689892231
-3742.5355395147385,-4083.6640499994046,-3146.0722554776553,-2648.1275579024855,-3937.9844564474097
-3161.3587386565705,-3373.890269529863,-3119.473768326496,-2296.431568804981,-2160.163770575179
-2290.636630253283,-2988.30111317574,-3300.371805585763,-3222.209693404492,-3740.796118678681
-3784.6774470954947,-3052.7013080789393,-2950.2615364264425,-3398.872955091681,-2151.753799242125
-4339.450018702869,-2810.98890731229,-3229.6323008344993,-2351.884023452095,-2175.700482624537
-3232.2807368753624,-3021.028946471435,-3036.7370048414637,-2522.5183727342933,-2206.757227706194
-2877.0411301669233,-2191.7224185865607,-3374.7205365187706,-3747.4778255780943,-3824.2350865602334
-1648.6076803667704,-2965.6430657353335,-2487.521185970478,-3442.31263533767,-2948.1473910678255
-2766.497053260867,-3124.304639066591,-2359.568523240415,-3225.414561563087,-3362.5190508892465
-2596.7678440104196,-3279.5994070494007,-3865.2327958125575,-2954.8919435863413,-2606.42883457709
-4104.000807893823,-3757.3362381798474,-3225.279182745662,-2497.570044618994,-3597.3111281288748
-2527.320829681716,-3104.1964747497086,-2829.4710887757187,-2616.0162009676774,-3408.8584529961095
-2978.715197114528,-1953.3001521791907,-3082.9510193743254,-2617.25633364098,-2209.791906548332
-3013.85252721349,-2477.1207418630825,-2811.835944951567,-2851.3356667739063,-2650.8472764405647
-2891.459949008304,-2402.4774097848467,-2074.2123225827117,-4207.910976307638,-3661.00264668431
-2893.524248327719,-3266.4747210827713,-2326.3039902387586,-3534.683253453775,-4931.846002972833
-2426.880919878023,-2271.599671771698,-2760.6635081744826,-2963.7655023827983,-2735.6723927699645
-2379.6122149159255,-3722.707958837938,-3679.1863765483863,-3427.4309420640334,-2414.7924087974975
-3364.624464054168,-2729.013371154881,-3066.912421720102,-2489.3528917882154,-2686.5794464750047
-3219.8198624983493,-3374.17102236669,-4451.697562617738,-3043.003107828647,-3143.9101084089257
-3347.5477838176103,-3234.7908210259934,-3777.7238078606606,-3413.102057023365,-3389.622269613105
-3812.0159676691455,-4728.02804758177,-3023.0672521752454,-1727.987899830918,-2646.903654387864
-1750.172568795004,-2964.9273735481916,-3720.1265150576933,-2880.889766465564,-3360.9637461961747
-2232.4900677867436,-3740.5736144111597,-3171.423583510274,-2989.4484656857326,-2770.5828059401865
-2987.4035884728396,-2760.0598835563,-3385.216916761319,-2406.622744696108,-2970.8766616217076
-3036.6588305167097,-3623.1022143335954,-3455.868025180032,-3943.7254699906407,-3154.968660378504
-2080.298682192197,-2964.219227093191,-3025.0677406014106,-2857.884416137565,-3488.764935126911
-4425.793677381272,-2015.1406832956463,-3252.110655495996,-2810.0208489642937,-2825.0746819746446
-2773.4569897738397,-2851.097794237234,-3458.741652612705,-3092.0286935109307,-3073.371193588972
-4128.296402848354,-4285.222240145934,-2037.8712499270844,-2425.7297739519886,-2218.738850402125
-2565.2158208458586,-2569.47702724444,-3527.99595763101,-3024.989936945842,-2984.396837588278
-3939.8213343945918,-2457.974902073413,-2554.636230485706,-3736.165556293934,-3261.716228939911
-3187.128477938577,-3199.890387220781,-4474.7996024313115,-3297.1779860016445,-3413.750047693781
-2430.974045424769,-3530.586714676022,-3230.021338459838,-3892.381642101046,-2488.5512699873602
-3025.0709436957986,-3321.798675978083,-3198.819093169487,-2656.820543373617,-2874.018842143229
-3123.985258257738,-3387.2850646183474,-2107.829782537238,-3391.1151749954,-3609.202550027374
-2321.5793228885573,-3864.8465934773517,-3141.801894040909,-2617.2911075747925,-4130.401373790146
-3491.2721820611787,-3623.098860149893,-2741.5523506535187,-2684.4538533846267,-2828.0490603351677
-2492.0494915082804,-2522.0285353364675,-3035.8063475313897,-2572.482277794857,-2517.28371264587
-2737.9069983347367,-2082.653205788585,-3315.8665797743943,-3284.7921678162866,-2697.551559606341
-3779.680126657072,-2248.590473634698,-2843.92399999587,-3291.3941920050406,-3099.65605638331
-3598.6224215841326,-2447.4944611141395,-2815.377791111788,-2538.8099775703854,-2910.193788548769
-3069.4907647452756,-2955.767323038469,-2493.7001265146455,-2789.3128920283475,-3188.351442806429
-3423.096443482901,-3064.845682589454,-3241.5505645181615,-2367.521842763902,-3289.599916705439
-2432.591371732906,-3185.8471213270445,-3234.4067752756305,-2963.0780315705288,-2357.6810011972866
-3258.0753563297603,-2592.2692785308395,-3178.6248424258897,-2797.858900451349,-3533.1110877322335
-3483.333919194914,-3772.0119677550992,-2988.9713631381014,-3745.1073151412425,-2768.807446319349
-3287.704276374195,-3074.730130485694,-3648.647709283749,-2563.7087299199206,-3285.035018649884
-2776.5072163861146,-2459.2422345477603,-3106.7633152422563,-3061.693507522628,-2877.4976737287516
-2885.351903917454,-2429.6160254887063,-2408.849496529147,-3968.2767097599517,-2894.484513424377
-2505.1321029609035,-3047.717897841918,-3002.9075245588274,-2545.8394401705127,-2724.15023717317
-2983.1431436743133,-4061.5496534774093,-3141.064172857064,-3257.9148887959846,-2659.306181409144
-2104.3653478194897,-3272.8142868001487,-2869.2774775066764,-2881.437011802922,-3378.6990871684097
-2459.5389379714156,-3060.8132941218455,-2715.3872911839508,-3771.3498431971343,-4556.719182056752
-3735.0495158189237,-3401.1396223610263,-2315.513196473938,-2270.388938942173,-3016.634302419277
-4474.519794386922,-3924.258967364998,-3017.3794186211176,-2744.8528375173464,-3224.920520997804
-3319.2888603279544,-2818.6896216108303,-2888.714593163794,-2473.7839208110818,-2662.072708331668
-2083.9557154453682,-4134.067485734297,-3699.7047871136124,-3212.807748315756,-2590.0393359292975
-3621.5315420380725,-2760.1442902942727,-3888.8978998622,-2830.531091590101,-3332.4925665232568
-2601.831646856119,-2575.324456350152,-3320.4055549177788,-2407.834838886103,-2311.185084821646
-3439.1702811864047,-1821.1392550211656,-2723.8203062290645,-3922.531322741258,-2174.7229384138445
-2505.310133581603,-2660.7383199503815,-3270.261284095622,-3573.3923923133075,-2640.0548289631315
